INSERT INTO `user` (`id`, `name`, `cpf`, `email`, `password`, `admin`, `verified`, `pix_key`, `created_at`) VALUES ('1', 'Elvera Daniel', '29722214419', 'hankunding@example.com', '$2a$10$s42v9PQHm1Bv26RuLnRMj.HVdLjJXz/sKMCl5fAPFE5IAayGF5LQO', 0, 0, NULL, '2023-05-24 13:50:23');
INSERT INTO `user` (`id`, `name`, `cpf`, `email`, `password`, `admin`, `verified`, `pix_key`, `created_at`) VALUES ('2', 'Alice Fritsch', '85796571684', 'rprohaska@example.com', '$2a$10$s42v9PQHm1Bv26RuLnRMj.HVdLjJXz/sKMCl5fAPFE5IAayGF5LQO', 0, 1, NULL, '2023-10-16 10:39:12');
INSERT INTO `user` (`id`, `name`, `cpf`, `email`, `password`, `admin`, `verified`, `pix_key`, `created_at`) VALUES ('3', 'Myrtle Kertzmann', '11525083807', 'hartmann.yvonne@example.com', '$2a$10$s42v9PQHm1Bv26RuLnRMj.HVdLjJXz/sKMCl5fAPFE5IAayGF5LQO', 0, 1, NULL, '2022-11-28 09:00:28');
INSERT INTO `user` (`id`, `name`, `cpf`, `email`, `password`, `admin`, `verified`, `pix_key`, `created_at`) VALUES ('4', 'Abby Jast', '75560576066', 'murphy13@example.com', '$2a$10$s42v9PQHm1Bv26RuLnRMj.HVdLjJXz/sKMCl5fAPFE5IAayGF5LQO', 0, 0, NULL, '2023-11-09 16:09:29');
INSERT INTO `user` (`id`, `name`, `cpf`, `email`, `password`, `admin`, `verified`, `pix_key`, `created_at`) VALUES ('5', 'Queenie Halvorson', '92712710370', 'norwood.ratke@example.org', '$2a$10$s42v9PQHm1Bv26RuLnRMj.HVdLjJXz/sKMCl5fAPFE5IAayGF5LQO', 0, 0, NULL, '2023-05-13 08:46:25');
INSERT INTO `user` (`id`, `name`, `cpf`, `email`, `password`, `admin`, `verified`, `pix_key`, `created_at`) VALUES ('6', 'Keith Murray', '61122183125', 'london67@example.net', '$2a$10$s42v9PQHm1Bv26RuLnRMj.HVdLjJXz/sKMCl5fAPFE5IAayGF5LQO', 0, 0, NULL, '2023-10-23 06:17:35');
INSERT INTO `user` (`id`, `name`, `cpf`, `email`, `password`, `admin`, `verified`, `pix_key`, `created_at`) VALUES ('7', 'Dr. Kim Ward II', '27666633412', 'gislason.cynthia@example.net', '$2a$10$s42v9PQHm1Bv26RuLnRMj.HVdLjJXz/sKMCl5fAPFE5IAayGF5LQO', 0, 1, NULL, '2023-03-17 19:44:18');
INSERT INTO `user` (`id`, `name`, `cpf`, `email`, `password`, `admin`, `verified`, `pix_key`, `created_at`) VALUES ('8', 'Marcelo Larson', '19509449926', 'schoen.hollis@example.com', '$2a$10$s42v9PQHm1Bv26RuLnRMj.HVdLjJXz/sKMCl5fAPFE5IAayGF5LQO', 0, 0, NULL, '2023-08-27 03:05:16');
INSERT INTO `user` (`id`, `name`, `cpf`, `email`, `password`, `admin`, `verified`, `pix_key`, `created_at`) VALUES ('9', 'Roscoe Langworth II', '17577068178', 'waters.carleton@example.com', '$2a$10$s42v9PQHm1Bv26RuLnRMj.HVdLjJXz/sKMCl5fAPFE5IAayGF5LQO', 0, 1, NULL, '2023-08-13 08:49:24');
INSERT INTO `user` (`id`, `name`, `cpf`, `email`, `password`, `admin`, `verified`, `pix_key`, `created_at`) VALUES ('10', 'Clyde Volkman Sr.', '44948087339', 'alford18@example.net', '$2a$10$s42v9PQHm1Bv26RuLnRMj.HVdLjJXz/sKMCl5fAPFE5IAayGF5LQO', 0, 0, NULL, '2023-10-25 13:36:53');
INSERT INTO `user` (`id`, `name`, `cpf`, `email`, `password`, `admin`, `verified`, `pix_key`, `created_at`) VALUES ('11', 'Tristin Gottlieb', '64579871759', 'rsmitham@example.org', '$2a$10$s42v9PQHm1Bv26RuLnRMj.HVdLjJXz/sKMCl5fAPFE5IAayGF5LQO', 0, 0, NULL, '2023-01-12 19:56:01');
INSERT INTO `user` (`id`, `name`, `cpf`, `email`, `password`, `admin`, `verified`, `pix_key`, `created_at`) VALUES ('12', 'Van Bayer Sr.', '32173029852', 'sanford.april@example.org', '$2a$10$s42v9PQHm1Bv26RuLnRMj.HVdLjJXz/sKMCl5fAPFE5IAayGF5LQO', 0, 0, NULL, '2022-12-01 05:15:20');
INSERT INTO `user` (`id`, `name`, `cpf`, `email`, `password`, `admin`, `verified`, `pix_key`, `created_at`) VALUES ('13', 'Rosamond Strosin', '26827734322', 'cleveland80@example.org', '$2a$10$s42v9PQHm1Bv26RuLnRMj.HVdLjJXz/sKMCl5fAPFE5IAayGF5LQO', 0, 1, NULL, '2023-02-24 00:18:19');
INSERT INTO `user` (`id`, `name`, `cpf`, `email`, `password`, `admin`, `verified`, `pix_key`, `created_at`) VALUES ('14', 'Peyton Borer', '13647377755', 'dibbert.collin@example.net', '$2a$10$s42v9PQHm1Bv26RuLnRMj.HVdLjJXz/sKMCl5fAPFE5IAayGF5LQO', 0, 0, NULL, '2023-05-07 01:33:18');
INSERT INTO `user` (`id`, `name`, `cpf`, `email`, `password`, `admin`, `verified`, `pix_key`, `created_at`) VALUES ('15', 'Eddie Heidenreich', '81051504040', 'carolina.dubuque@example.net', '$2a$10$s42v9PQHm1Bv26RuLnRMj.HVdLjJXz/sKMCl5fAPFE5IAayGF5LQO', 0, 1, NULL, '2023-03-29 03:52:34');
INSERT INTO `user` (`id`, `name`, `cpf`, `email`, `password`, `admin`, `verified`, `pix_key`, `created_at`) VALUES ('16', 'Kory Hane', '34002870477', 'rdare@example.net', '$2a$10$s42v9PQHm1Bv26RuLnRMj.HVdLjJXz/sKMCl5fAPFE5IAayGF5LQO', 0, 0, NULL, '2023-10-01 18:48:34');
INSERT INTO `user` (`id`, `name`, `cpf`, `email`, `password`, `admin`, `verified`, `pix_key`, `created_at`) VALUES ('17', 'Osvaldo Schmeler', '75484360062', 'jaiden77@example.com', '$2a$10$s42v9PQHm1Bv26RuLnRMj.HVdLjJXz/sKMCl5fAPFE5IAayGF5LQO', 0, 0, NULL, '2023-03-07 23:58:44');
INSERT INTO `user` (`id`, `name`, `cpf`, `email`, `password`, `admin`, `verified`, `pix_key`, `created_at`) VALUES ('18', 'Modesto Friesen MD', '27230010155', 'zhartmann@example.net', '$2a$10$s42v9PQHm1Bv26RuLnRMj.HVdLjJXz/sKMCl5fAPFE5IAayGF5LQO', 0, 0, NULL, '2023-07-03 17:03:44');
INSERT INTO `user` (`id`, `name`, `cpf`, `email`, `password`, `admin`, `verified`, `pix_key`, `created_at`) VALUES ('19', 'Madaline Walker V', '41078761304', 'pgrimes@example.org', '$2a$10$s42v9PQHm1Bv26RuLnRMj.HVdLjJXz/sKMCl5fAPFE5IAayGF5LQO', 0, 0, NULL, '2023-09-19 14:38:17');
INSERT INTO `user` (`id`, `name`, `cpf`, `email`, `password`, `admin`, `verified`, `pix_key`, `created_at`) VALUES ('20', 'Lenore Harris', '19495084754', 'twelch@example.net', '$2a$10$s42v9PQHm1Bv26RuLnRMj.HVdLjJXz/sKMCl5fAPFE5IAayGF5LQO', 0, 1, NULL, '2023-07-17 12:36:18');
INSERT INTO `user` (`id`, `name`, `cpf`, `email`, `password`, `admin`, `verified`, `pix_key`, `created_at`) VALUES ('21', 'Jude Dibbert', '55087913478', 'lwilderman@example.com', '$2a$10$s42v9PQHm1Bv26RuLnRMj.HVdLjJXz/sKMCl5fAPFE5IAayGF5LQO', 0, 1, NULL, '2023-07-21 11:52:01');
INSERT INTO `user` (`id`, `name`, `cpf`, `email`, `password`, `admin`, `verified`, `pix_key`, `created_at`) VALUES ('22', 'Audrey Boehm', '38339604791', 'johathan72@example.net', '$2a$10$s42v9PQHm1Bv26RuLnRMj.HVdLjJXz/sKMCl5fAPFE5IAayGF5LQO', 0, 0, NULL, '2023-01-18 11:09:58');
INSERT INTO `user` (`id`, `name`, `cpf`, `email`, `password`, `admin`, `verified`, `pix_key`, `created_at`) VALUES ('23', 'Madaline Prohaska', '38799000334', 'joelle60@example.com', '$2a$10$s42v9PQHm1Bv26RuLnRMj.HVdLjJXz/sKMCl5fAPFE5IAayGF5LQO', 0, 0, NULL, '2023-08-23 16:41:09');
INSERT INTO `user` (`id`, `name`, `cpf`, `email`, `password`, `admin`, `verified`, `pix_key`, `created_at`) VALUES ('24', 'Ms. Janet Jast I', '33449990431', 'jeramie.osinski@example.org', '$2a$10$s42v9PQHm1Bv26RuLnRMj.HVdLjJXz/sKMCl5fAPFE5IAayGF5LQO', 0, 1, NULL, '2023-11-08 11:32:37');
INSERT INTO `user` (`id`, `name`, `cpf`, `email`, `password`, `admin`, `verified`, `pix_key`, `created_at`) VALUES ('25', 'Dr. Maddison Schamberger', '30493558839', 'pollich.deborah@example.com', '$2a$10$s42v9PQHm1Bv26RuLnRMj.HVdLjJXz/sKMCl5fAPFE5IAayGF5LQO', 0, 1, NULL, '2023-03-02 12:35:21');
INSERT INTO `user` (`id`, `name`, `cpf`, `email`, `password`, `admin`, `verified`, `pix_key`, `created_at`) VALUES ('26', 'Karianne Paucek', '23739534668', 'edyth64@example.com', '$2a$10$s42v9PQHm1Bv26RuLnRMj.HVdLjJXz/sKMCl5fAPFE5IAayGF5LQO', 0, 0, NULL, '2023-01-29 00:47:33');
INSERT INTO `user` (`id`, `name`, `cpf`, `email`, `password`, `admin`, `verified`, `pix_key`, `created_at`) VALUES ('27', 'Jacinthe Conroy IV', '90215288008', 'ischowalter@example.org', '$2a$10$s42v9PQHm1Bv26RuLnRMj.HVdLjJXz/sKMCl5fAPFE5IAayGF5LQO', 0, 0, NULL, '2023-09-16 03:28:30');
INSERT INTO `user` (`id`, `name`, `cpf`, `email`, `password`, `admin`, `verified`, `pix_key`, `created_at`) VALUES ('28', 'Oleta Blick', '26340839212', 'tillman.tito@example.org', '$2a$10$s42v9PQHm1Bv26RuLnRMj.HVdLjJXz/sKMCl5fAPFE5IAayGF5LQO', 0, 1, NULL, '2023-11-02 23:49:05');
INSERT INTO `user` (`id`, `name`, `cpf`, `email`, `password`, `admin`, `verified`, `pix_key`, `created_at`) VALUES ('29', 'Dr. Jaylen Heaney V', '39774450610', 'gislason.cassandra@example.net', '$2a$10$s42v9PQHm1Bv26RuLnRMj.HVdLjJXz/sKMCl5fAPFE5IAayGF5LQO', 0, 0, NULL, '2023-05-05 04:42:56');
INSERT INTO `user` (`id`, `name`, `cpf`, `email`, `password`, `admin`, `verified`, `pix_key`, `created_at`) VALUES ('30', 'Damien Murray', '91618010443', 'bertram02@example.net', '$2a$10$s42v9PQHm1Bv26RuLnRMj.HVdLjJXz/sKMCl5fAPFE5IAayGF5LQO', 0, 1, NULL, '2023-02-12 09:36:15');
INSERT INTO `user` (`id`, `name`, `cpf`, `email`, `password`, `admin`, `verified`, `pix_key`, `created_at`) VALUES ('31', 'Mr. Reymundo Corwin', '20052192453', 'hand.felicity@example.org', '$2a$10$s42v9PQHm1Bv26RuLnRMj.HVdLjJXz/sKMCl5fAPFE5IAayGF5LQO', 0, 1, NULL, '2023-07-13 19:23:52');
INSERT INTO `user` (`id`, `name`, `cpf`, `email`, `password`, `admin`, `verified`, `pix_key`, `created_at`) VALUES ('32', 'Dasia Beer', '43254806336', 'supton@example.com', '$2a$10$s42v9PQHm1Bv26RuLnRMj.HVdLjJXz/sKMCl5fAPFE5IAayGF5LQO', 0, 0, NULL, '2023-05-09 20:40:47');
INSERT INTO `user` (`id`, `name`, `cpf`, `email`, `password`, `admin`, `verified`, `pix_key`, `created_at`) VALUES ('33', 'Dr. Julianne Pfeffer', '74659410924', 'ublanda@example.net', '$2a$10$s42v9PQHm1Bv26RuLnRMj.HVdLjJXz/sKMCl5fAPFE5IAayGF5LQO', 0, 0, NULL, '2023-09-03 11:35:58');
INSERT INTO `user` (`id`, `name`, `cpf`, `email`, `password`, `admin`, `verified`, `pix_key`, `created_at`) VALUES ('34', 'Cassandre Kuhn MD', '33242457009', 'vward@example.net', '$2a$10$s42v9PQHm1Bv26RuLnRMj.HVdLjJXz/sKMCl5fAPFE5IAayGF5LQO', 0, 0, NULL, '2023-10-24 18:51:26');
INSERT INTO `user` (`id`, `name`, `cpf`, `email`, `password`, `admin`, `verified`, `pix_key`, `created_at`) VALUES ('35', 'Johnpaul Littel', '57430514838', 'rylan69@example.org', '$2a$10$s42v9PQHm1Bv26RuLnRMj.HVdLjJXz/sKMCl5fAPFE5IAayGF5LQO', 0, 1, NULL, '2023-01-03 11:11:02');
INSERT INTO `user` (`id`, `name`, `cpf`, `email`, `password`, `admin`, `verified`, `pix_key`, `created_at`) VALUES ('36', 'Elvera Reilly IV', '63066663704', 'schamberger.orville@example.net', '$2a$10$s42v9PQHm1Bv26RuLnRMj.HVdLjJXz/sKMCl5fAPFE5IAayGF5LQO', 0, 0, NULL, '2023-09-21 08:54:27');
INSERT INTO `user` (`id`, `name`, `cpf`, `email`, `password`, `admin`, `verified`, `pix_key`, `created_at`) VALUES ('37', 'Nasir Schiller', '85160197505', 'tweissnat@example.org', '$2a$10$s42v9PQHm1Bv26RuLnRMj.HVdLjJXz/sKMCl5fAPFE5IAayGF5LQO', 0, 1, NULL, '2023-04-28 22:14:10');
INSERT INTO `user` (`id`, `name`, `cpf`, `email`, `password`, `admin`, `verified`, `pix_key`, `created_at`) VALUES ('38', 'Dr. Jon Sauer', '11547531852', 'herzog.alessandra@example.org', '$2a$10$s42v9PQHm1Bv26RuLnRMj.HVdLjJXz/sKMCl5fAPFE5IAayGF5LQO', 0, 0, NULL, '2023-06-05 09:33:59');
INSERT INTO `user` (`id`, `name`, `cpf`, `email`, `password`, `admin`, `verified`, `pix_key`, `created_at`) VALUES ('39', 'Derek Streich Jr.', '56092150179', 'raleigh.damore@example.net', '$2a$10$s42v9PQHm1Bv26RuLnRMj.HVdLjJXz/sKMCl5fAPFE5IAayGF5LQO', 0, 0, NULL, '2023-07-20 16:46:20');
INSERT INTO `user` (`id`, `name`, `cpf`, `email`, `password`, `admin`, `verified`, `pix_key`, `created_at`) VALUES ('40', 'Reece Armstrong', '47554760675', 'gerlach.dennis@example.com', '$2a$10$s42v9PQHm1Bv26RuLnRMj.HVdLjJXz/sKMCl5fAPFE5IAayGF5LQO', 0, 1, NULL, '2022-12-20 19:47:25');
INSERT INTO `user` (`id`, `name`, `cpf`, `email`, `password`, `admin`, `verified`, `pix_key`, `created_at`) VALUES ('41', 'Miss Zaria Walker', '11123894332', 'bosco.robbie@example.com', '$2a$10$s42v9PQHm1Bv26RuLnRMj.HVdLjJXz/sKMCl5fAPFE5IAayGF5LQO', 0, 1, NULL, '2023-03-20 11:44:26');
INSERT INTO `user` (`id`, `name`, `cpf`, `email`, `password`, `admin`, `verified`, `pix_key`, `created_at`) VALUES ('42', 'Zelda Frami I', '46135147033', 'lauretta85@example.org', '$2a$10$s42v9PQHm1Bv26RuLnRMj.HVdLjJXz/sKMCl5fAPFE5IAayGF5LQO', 0, 1, NULL, '2023-10-23 12:42:07');
INSERT INTO `user` (`id`, `name`, `cpf`, `email`, `password`, `admin`, `verified`, `pix_key`, `created_at`) VALUES ('43', 'Claudia Cole', '13885476486', 'jbauch@example.com', '$2a$10$s42v9PQHm1Bv26RuLnRMj.HVdLjJXz/sKMCl5fAPFE5IAayGF5LQO', 0, 0, NULL, '2023-08-17 10:33:50');
INSERT INTO `user` (`id`, `name`, `cpf`, `email`, `password`, `admin`, `verified`, `pix_key`, `created_at`) VALUES ('44', 'Mr. Augustus Hermiston', '87652737496', 'gunnar.prosacco@example.net', '$2a$10$s42v9PQHm1Bv26RuLnRMj.HVdLjJXz/sKMCl5fAPFE5IAayGF5LQO', 0, 0, NULL, '2023-04-11 13:13:23');
INSERT INTO `user` (`id`, `name`, `cpf`, `email`, `password`, `admin`, `verified`, `pix_key`, `created_at`) VALUES ('45', 'Jane Willms', '32919447831', 'jackson12@example.net', '$2a$10$s42v9PQHm1Bv26RuLnRMj.HVdLjJXz/sKMCl5fAPFE5IAayGF5LQO', 0, 1, NULL, '2023-06-27 03:03:42');
INSERT INTO `user` (`id`, `name`, `cpf`, `email`, `password`, `admin`, `verified`, `pix_key`, `created_at`) VALUES ('46', 'Tanner Treutel Jr.', '94146158972', 'juston68@example.com', '$2a$10$s42v9PQHm1Bv26RuLnRMj.HVdLjJXz/sKMCl5fAPFE5IAayGF5LQO', 0, 1, NULL, '2023-10-01 17:49:43');
INSERT INTO `user` (`id`, `name`, `cpf`, `email`, `password`, `admin`, `verified`, `pix_key`, `created_at`) VALUES ('47', 'Dr. Jack Strosin', '50099079062', 'obailey@example.org', '$2a$10$s42v9PQHm1Bv26RuLnRMj.HVdLjJXz/sKMCl5fAPFE5IAayGF5LQO', 0, 0, NULL, '2023-09-14 14:11:39');
INSERT INTO `user` (`id`, `name`, `cpf`, `email`, `password`, `admin`, `verified`, `pix_key`, `created_at`) VALUES ('48', 'Chasity Krajcik', '93164807635', 'catherine75@example.net', '$2a$10$s42v9PQHm1Bv26RuLnRMj.HVdLjJXz/sKMCl5fAPFE5IAayGF5LQO', 0, 1, NULL, '2023-03-28 09:24:43');
INSERT INTO `user` (`id`, `name`, `cpf`, `email`, `password`, `admin`, `verified`, `pix_key`, `created_at`) VALUES ('49', 'Nona Stanton', '66873606243', 'yvette20@example.com', '$2a$10$s42v9PQHm1Bv26RuLnRMj.HVdLjJXz/sKMCl5fAPFE5IAayGF5LQO', 0, 0, NULL, '2023-03-17 08:24:41');
INSERT INTO `user` (`id`, `name`, `cpf`, `email`, `password`, `admin`, `verified`, `pix_key`, `created_at`) VALUES ('50', 'Beaulah Keeling', '77425617298', 'reed.vandervort@example.com', '$2a$10$s42v9PQHm1Bv26RuLnRMj.HVdLjJXz/sKMCl5fAPFE5IAayGF5LQO', 0, 1, NULL, '2023-01-30 10:40:34');

INSERT INTO `user_verification` (`id`, `user_id`, `identity_document_front`, `identity_document_back`, `admin_message`, `status`, `created_at`) VALUES ('1', '1', 'document_front.png', 'document_back.png', 'Cum magnam quia velit aut aut perferendis est. Temporibus quia eum ea totam maxime eveniet dolores. Quia enim rem culpa nam ipsam impedit enim aperiam.', 'APPROVED', '2023-04-06 07:08:45');
INSERT INTO `user_verification` (`id`, `user_id`, `identity_document_front`, `identity_document_back`, `admin_message`, `status`, `created_at`) VALUES ('2', '2', 'document_front.png', 'document_back.png', 'Magni quam repellat aperiam quia eaque quia qui. Sint odit placeat omnis et et voluptatem eos. Odio et recusandae et eos omnis. Eligendi consequuntur eaque hic fugit reprehenderit.', 'REJECTED', '2023-03-28 17:22:26');
INSERT INTO `user_verification` (`id`, `user_id`, `identity_document_front`, `identity_document_back`, `admin_message`, `status`, `created_at`) VALUES ('3', '3', 'document_front.png', 'document_back.png', 'Aut eligendi beatae quia esse est. Voluptatibus ipsa sunt nihil id quae id beatae sunt. Praesentium quia omnis error ad quia. Rerum ut ad autem laborum ut.', 'REJECTED', '2023-04-12 23:22:32');
INSERT INTO `user_verification` (`id`, `user_id`, `identity_document_front`, `identity_document_back`, `admin_message`, `status`, `created_at`) VALUES ('4', '4', 'document_front.png', 'document_back.png', 'Dolorem unde eum voluptas nostrum autem possimus. Atque blanditiis autem et ut harum. Est earum recusandae illum ut rerum vero minus.', 'APPROVED', '2023-01-23 14:50:52');
INSERT INTO `user_verification` (`id`, `user_id`, `identity_document_front`, `identity_document_back`, `admin_message`, `status`, `created_at`) VALUES ('5', '5', 'document_front.png', 'document_back.png', 'Ut vel beatae ut culpa. Alias vel et necessitatibus eum cum minus velit. Placeat rerum nemo repellat quas maxime corporis nemo sed.', 'PENDING_APPROVAL', '2023-10-13 01:30:08');
INSERT INTO `user_verification` (`id`, `user_id`, `identity_document_front`, `identity_document_back`, `admin_message`, `status`, `created_at`) VALUES ('6', '6', 'document_front.png', 'document_back.png', 'Sit dolor commodi optio accusantium odit. Consequuntur aperiam tempore dolore quos ipsum. Sint et sed nemo ut.', 'APPROVED', '2023-05-01 06:26:11');
INSERT INTO `user_verification` (`id`, `user_id`, `identity_document_front`, `identity_document_back`, `admin_message`, `status`, `created_at`) VALUES ('7', '7', 'document_front.png', 'document_back.png', 'Occaecati expedita odit in iusto et accusantium officiis. Est magni voluptatem praesentium rerum. Architecto error labore aut voluptatem ducimus laboriosam. Omnis harum et dolorem sit perspiciatis temporibus animi.', 'PENDING_APPROVAL', '2023-02-07 15:58:09');
INSERT INTO `user_verification` (`id`, `user_id`, `identity_document_front`, `identity_document_back`, `admin_message`, `status`, `created_at`) VALUES ('8', '8', 'document_front.png', 'document_back.png', 'Nobis non beatae dolor est. Asperiores dolore molestiae recusandae assumenda ipsum qui vero sapiente. Commodi nihil voluptatem praesentium cumque perferendis eaque.', 'PENDING_APPROVAL', '2023-05-08 01:41:28');
INSERT INTO `user_verification` (`id`, `user_id`, `identity_document_front`, `identity_document_back`, `admin_message`, `status`, `created_at`) VALUES ('9', '9', 'document_front.png', 'document_back.png', 'Et qui quos nam et velit laudantium. Eos voluptatum laudantium et ut. Hic voluptatem rerum provident magnam natus occaecati aut.', 'PENDING_APPROVAL', '2023-11-13 08:25:41');
INSERT INTO `user_verification` (`id`, `user_id`, `identity_document_front`, `identity_document_back`, `admin_message`, `status`, `created_at`) VALUES ('10', '10', 'document_front.png', 'document_back.png', 'Est laboriosam hic reprehenderit minima. Non quia ullam nostrum nostrum quisquam neque voluptates. Sit quas blanditiis iusto ducimus aut provident ratione.', 'PENDING_APPROVAL', '2023-01-16 10:10:24');
INSERT INTO `user_verification` (`id`, `user_id`, `identity_document_front`, `identity_document_back`, `admin_message`, `status`, `created_at`) VALUES ('11', '11', 'document_front.png', 'document_back.png', 'Minus et aliquam magnam. Quidem laudantium totam dolorum libero. Sit voluptas nesciunt omnis molestiae quos ut. Dolorem fugiat consequuntur autem a aliquid dicta.', 'REJECTED', '2023-04-24 01:45:57');
INSERT INTO `user_verification` (`id`, `user_id`, `identity_document_front`, `identity_document_back`, `admin_message`, `status`, `created_at`) VALUES ('12', '12', 'document_front.png', 'document_back.png', 'Explicabo omnis necessitatibus qui recusandae quia fugiat sunt. Repudiandae et excepturi voluptatem rerum fugiat. Nisi maxime atque dicta error autem architecto fuga. Quia ea a quia et ea est beatae nobis.', 'REJECTED', '2023-10-22 17:59:13');
INSERT INTO `user_verification` (`id`, `user_id`, `identity_document_front`, `identity_document_back`, `admin_message`, `status`, `created_at`) VALUES ('13', '13', 'document_front.png', 'document_back.png', 'Eaque delectus vel dolor quidem. Enim qui inventore sequi fugit et. Minus dolorem deleniti fugit quisquam natus. Architecto itaque voluptatum dolore repellat dicta recusandae nihil.', 'PENDING_APPROVAL', '2023-08-03 01:55:43');
INSERT INTO `user_verification` (`id`, `user_id`, `identity_document_front`, `identity_document_back`, `admin_message`, `status`, `created_at`) VALUES ('14', '14', 'document_front.png', 'document_back.png', 'Impedit labore sed blanditiis quaerat eum. Praesentium et consequuntur qui qui reprehenderit placeat quasi aut. Vitae doloribus fuga consequatur placeat saepe est blanditiis.', 'APPROVED', '2023-01-06 08:45:41');
INSERT INTO `user_verification` (`id`, `user_id`, `identity_document_front`, `identity_document_back`, `admin_message`, `status`, `created_at`) VALUES ('15', '15', 'document_front.png', 'document_back.png', 'Voluptatibus quos expedita et dolorem. Id consequatur odio expedita et amet reiciendis. Quia rem distinctio quaerat dolor. Quia vel labore asperiores neque.', 'APPROVED', '2023-07-29 04:32:43');
INSERT INTO `user_verification` (`id`, `user_id`, `identity_document_front`, `identity_document_back`, `admin_message`, `status`, `created_at`) VALUES ('16', '16', 'document_front.png', 'document_back.png', 'Laborum rerum nesciunt sed. Aperiam nobis ducimus quibusdam. Doloremque sint voluptas sint.', 'PENDING_APPROVAL', '2023-02-08 15:04:55');
INSERT INTO `user_verification` (`id`, `user_id`, `identity_document_front`, `identity_document_back`, `admin_message`, `status`, `created_at`) VALUES ('17', '17', 'document_front.png', 'document_back.png', 'Commodi blanditiis culpa praesentium maxime. Eaque aliquam odit atque et. Accusantium debitis reiciendis maxime quod.', 'PENDING_APPROVAL', '2023-03-02 04:18:04');
INSERT INTO `user_verification` (`id`, `user_id`, `identity_document_front`, `identity_document_back`, `admin_message`, `status`, `created_at`) VALUES ('18', '18', 'document_front.png', 'document_back.png', 'Accusamus non ut sapiente et delectus facere. Minima perspiciatis ut pariatur labore. Ullam temporibus accusantium dolores sequi. Sapiente debitis odit et similique in.', 'PENDING_APPROVAL', '2023-02-25 02:47:35');
INSERT INTO `user_verification` (`id`, `user_id`, `identity_document_front`, `identity_document_back`, `admin_message`, `status`, `created_at`) VALUES ('19', '19', 'document_front.png', 'document_back.png', 'Est occaecati sapiente sit provident. Repellat id voluptatem ut provident molestiae quaerat qui. Et officia reiciendis placeat. Libero placeat quo error dolorum. Totam omnis est vero repudiandae laboriosam asperiores.', 'REJECTED', '2023-05-12 10:27:37');
INSERT INTO `user_verification` (`id`, `user_id`, `identity_document_front`, `identity_document_back`, `admin_message`, `status`, `created_at`) VALUES ('20', '20', 'document_front.png', 'document_back.png', 'Nostrum dicta qui voluptas. Natus amet corporis a est veniam cumque expedita. Facere mollitia voluptatibus et quam.', 'REJECTED', '2023-05-01 05:57:38');
INSERT INTO `user_verification` (`id`, `user_id`, `identity_document_front`, `identity_document_back`, `admin_message`, `status`, `created_at`) VALUES ('21', '21', 'document_front.png', 'document_back.png', 'Omnis est eius delectus similique qui. Voluptatum qui dolorem quos aperiam vel aut incidunt eligendi. Est veniam ad dicta adipisci sit.', 'APPROVED', '2023-05-17 21:13:00');
INSERT INTO `user_verification` (`id`, `user_id`, `identity_document_front`, `identity_document_back`, `admin_message`, `status`, `created_at`) VALUES ('22', '22', 'document_front.png', 'document_back.png', 'Qui ipsam at a. Aspernatur neque illo omnis doloremque facere ut. Officia voluptas eos quos autem ipsum rerum at.', 'PENDING_APPROVAL', '2022-12-22 09:20:26');
INSERT INTO `user_verification` (`id`, `user_id`, `identity_document_front`, `identity_document_back`, `admin_message`, `status`, `created_at`) VALUES ('23', '23', 'document_front.png', 'document_back.png', 'Incidunt sint minus expedita non. Et ex natus voluptates facilis cum nemo. Nobis excepturi voluptas vel quibusdam. Nihil consequatur omnis quidem quibusdam fuga aut error quae.', 'PENDING_APPROVAL', '2023-02-10 13:04:54');
INSERT INTO `user_verification` (`id`, `user_id`, `identity_document_front`, `identity_document_back`, `admin_message`, `status`, `created_at`) VALUES ('24', '24', 'document_front.png', 'document_back.png', 'Est voluptas deleniti molestiae ut enim cupiditate voluptatem. Ab adipisci a aliquam temporibus.', 'APPROVED', '2023-09-11 01:07:37');
INSERT INTO `user_verification` (`id`, `user_id`, `identity_document_front`, `identity_document_back`, `admin_message`, `status`, `created_at`) VALUES ('25', '25', 'document_front.png', 'document_back.png', 'Et sint sit sit. Voluptatem et qui quia. Eligendi consequatur eos quidem est libero.', 'REJECTED', '2023-05-31 04:49:14');

INSERT INTO `property` (`id`, `user_id`, `type`, `zip_code`, `street`, `number`, `complement`, `neighborhood`, `city`, `state`, `country`, `description`, `area`, `bedrooms`, `bathrooms`, `garage_spaces`, `accepts_pet`, `furnished`, `rent_value`, `condominium_fee`, `iptu_value`, `photo_base64`, `status`, `created_at`) VALUES ('1', '27', 'APARTMENT', 'cqvd', 'Brock Fort', 9019, 'Apt. 761', 'Crona Station', 'Hanefurt', 'Ka', 'RU', 'Sit quam sed consectetur expedita sed consequatur. Vero fugit facilis ipsa sunt. Vero sit eius pariatur rerum vel.', 326, 9, 0, 7, 0, 0, '757.03', '1097.79', '8877.11', 'NULL', 'REJECTED', '2022-12-26 21:34:26');
INSERT INTO `property` (`id`, `user_id`, `type`, `zip_code`, `street`, `number`, `complement`, `neighborhood`, `city`, `state`, `country`, `description`, `area`, `bedrooms`, `bathrooms`, `garage_spaces`, `accepts_pet`, `furnished`, `rent_value`, `condominium_fee`, `iptu_value`, `photo_base64`, `status`, `created_at`) VALUES ('2', '24', 'APARTMENT', 'pqer', 'Gaylord Knolls', 5525, 'Apt. 320', 'Gideon Locks', 'South Isaactown', 'Ar', 'IN', 'Iste a minus ex dicta. Ratione unde ut voluptate qui. Tempore sed saepe omnis at atque quam omnis quia.', 117, 5, 1, 6, 0, 0, '4807.62', '261.05', '2193.52', 'NULL', 'REJECTED', '2023-08-30 04:26:18');
INSERT INTO `property` (`id`, `user_id`, `type`, `zip_code`, `street`, `number`, `complement`, `neighborhood`, `city`, `state`, `country`, `description`, `area`, `bedrooms`, `bathrooms`, `garage_spaces`, `accepts_pet`, `furnished`, `rent_value`, `condominium_fee`, `iptu_value`, `photo_base64`, `status`, `created_at`) VALUES ('3', '1', 'APARTMENT', 'nhbn', 'Spencer Hollow', 791, 'Suite 595', 'Strosin Extensions', 'Kiannachester', 'Id', 'US', 'Ratione harum deserunt harum nisi. Amet culpa corporis et expedita omnis itaque dolor.', 104, 9, 1, 9, 1, 1, '7512.58', '8757.09', '4868.98', 'NULL', 'REJECTED', '2023-07-15 00:59:52');
INSERT INTO `property` (`id`, `user_id`, `type`, `zip_code`, `street`, `number`, `complement`, `neighborhood`, `city`, `state`, `country`, `description`, `area`, `bedrooms`, `bathrooms`, `garage_spaces`, `accepts_pet`, `furnished`, `rent_value`, `condominium_fee`, `iptu_value`, `photo_base64`, `status`, `created_at`) VALUES ('4', '8', 'APARTMENT', 'cdgb', 'Bria Inlet', 46996, 'Suite 180', 'Elise Ways', 'Kiehnport', 'Wa', 'IE', 'Quasi ipsam officiis rerum nihil. Aliquam quia eveniet atque autem ea ipsam. Quia cum facere ipsum necessitatibus animi consequatur est.', 90, 3, 1, 3, 0, 0, '5543.22', '2497.25', '6813.20', 'NULL', 'PENDING_APPROVAL', '2023-06-09 17:23:18');
INSERT INTO `property` (`id`, `user_id`, `type`, `zip_code`, `street`, `number`, `complement`, `neighborhood`, `city`, `state`, `country`, `description`, `area`, `bedrooms`, `bathrooms`, `garage_spaces`, `accepts_pet`, `furnished`, `rent_value`, `condominium_fee`, `iptu_value`, `photo_base64`, `status`, `created_at`) VALUES ('5', '18', 'HOUSE', 'xaau', 'Trinity Keys', 81, 'Apt. 281', 'Barton Divide', 'Brennaborough', 'Pe', 'ES', 'Ad nisi vel necessitatibus ad quo doloremque itaque. Sapiente cupiditate ut perferendis possimus. Odio dolorem in illum et nihil temporibus provident. Nobis voluptates aut possimus blanditiis et molestias asperiores. Ipsa quaerat provident beatae exercitationem at ut qui et.', 382, 2, 4, 7, 1, 1, '7438.29', '9193.90', '5111.06', 'NULL', 'PENDING_APPROVAL', '2023-07-22 17:17:25');
INSERT INTO `property` (`id`, `user_id`, `type`, `zip_code`, `street`, `number`, `complement`, `neighborhood`, `city`, `state`, `country`, `description`, `area`, `bedrooms`, `bathrooms`, `garage_spaces`, `accepts_pet`, `furnished`, `rent_value`, `condominium_fee`, `iptu_value`, `photo_base64`, `status`, `created_at`) VALUES ('6', '3', 'HOUSE', 'vmnk', 'Daryl Ways', 46611, 'Suite 496', 'Harvey Mountain', 'Lake Rashawnview', 'Di', 'PT', 'Dolores ut ad eligendi nostrum temporibus praesentium. Tempore eligendi quas sit. Omnis voluptatibus aut consequatur architecto sunt dolore facere. Necessitatibus natus eos doloribus alias voluptatum nihil.', 334, 5, 4, 3, 1, 0, '2311.90', '6831.88', '9767.37', 'NULL', 'REJECTED', '2022-12-31 14:35:20');
INSERT INTO `property` (`id`, `user_id`, `type`, `zip_code`, `street`, `number`, `complement`, `neighborhood`, `city`, `state`, `country`, `description`, `area`, `bedrooms`, `bathrooms`, `garage_spaces`, `accepts_pet`, `furnished`, `rent_value`, `condominium_fee`, `iptu_value`, `photo_base64`, `status`, `created_at`) VALUES ('7', '27', 'HOUSE', 'oavs', 'Eli Grove', 9508, 'Suite 322', 'Karli Shore', 'South Mina', 'Wi', 'IT', 'Ea sint cupiditate ut dolores ut architecto. Qui enim voluptatem nihil non eius. Voluptas labore eligendi praesentium et tempora. Eius saepe ipsa rerum temporibus quos.', 16, 3, 7, 0, 1, 1, '2058.61', '2086.66', '702.18', 'NULL', 'PENDING_APPROVAL', '2022-12-21 13:04:06');
INSERT INTO `property` (`id`, `user_id`, `type`, `zip_code`, `street`, `number`, `complement`, `neighborhood`, `city`, `state`, `country`, `description`, `area`, `bedrooms`, `bathrooms`, `garage_spaces`, `accepts_pet`, `furnished`, `rent_value`, `condominium_fee`, `iptu_value`, `photo_base64`, `status`, `created_at`) VALUES ('8', '48', 'APARTMENT', 'mbpq', 'Blick Circle', 42375, 'Suite 030', 'Hudson Vista', 'Heathcotebury', 'De', 'DE', 'Amet molestiae quo fugiat rem error ad esse enim. Quisquam enim voluptatem ut voluptatem dolor est voluptates. Hic et ut nesciunt sunt impedit.', 186, 1, 2, 9, 1, 1, '8957.77', '944.60', '7357.72', 'NULL', 'APPROVED', '2023-05-02 23:38:14');
INSERT INTO `property` (`id`, `user_id`, `type`, `zip_code`, `street`, `number`, `complement`, `neighborhood`, `city`, `state`, `country`, `description`, `area`, `bedrooms`, `bathrooms`, `garage_spaces`, `accepts_pet`, `furnished`, `rent_value`, `condominium_fee`, `iptu_value`, `photo_base64`, `status`, `created_at`) VALUES ('9', '35', 'HOUSE', 'oewv', 'Lola Court', 747, 'Apt. 062', 'Hessel Isle', 'Huelsport', 'Vi', 'CA', 'Ratione aspernatur impedit sit explicabo. Est facilis vero quod non optio vel. Qui beatae necessitatibus et dolorem assumenda saepe quo.', 348, 9, 5, 4, 0, 1, '3937.64', '5305.46', '2028.47', 'NULL', 'REJECTED', '2022-12-30 21:40:35');
INSERT INTO `property` (`id`, `user_id`, `type`, `zip_code`, `street`, `number`, `complement`, `neighborhood`, `city`, `state`, `country`, `description`, `area`, `bedrooms`, `bathrooms`, `garage_spaces`, `accepts_pet`, `furnished`, `rent_value`, `condominium_fee`, `iptu_value`, `photo_base64`, `status`, `created_at`) VALUES ('10', '22', 'HOUSE', 'wnyg', 'Herzog Creek', 4883, 'Suite 967', 'Simeon Forks', 'North Madie', 'Mi', 'PT', 'Voluptatum praesentium aut explicabo ut sint nisi quia. Tenetur odio laboriosam provident omnis. Beatae aut quidem mollitia sed impedit iste et vero.', 358, 6, 7, 7, 1, 1, '2904.62', '9164.53', '1182.65', 'NULL', 'APPROVED', '2023-10-29 20:34:02');
INSERT INTO `property` (`id`, `user_id`, `type`, `zip_code`, `street`, `number`, `complement`, `neighborhood`, `city`, `state`, `country`, `description`, `area`, `bedrooms`, `bathrooms`, `garage_spaces`, `accepts_pet`, `furnished`, `rent_value`, `condominium_fee`, `iptu_value`, `photo_base64`, `status`, `created_at`) VALUES ('11', '12', 'HOUSE', 'gjoc', 'Brandyn Point', 6266, 'Suite 677', 'Jarvis Overpass', 'Lorihaven', 'Ma', 'ES', 'Voluptas adipisci provident et. Sit iure ipsam quibusdam soluta libero est quia. Tenetur ut ea provident ea modi recusandae temporibus.', 69, 4, 0, 7, 1, 1, '9787.07', '1591.53', '7761.63', 'NULL', 'APPROVED', '2023-04-08 07:22:48');
INSERT INTO `property` (`id`, `user_id`, `type`, `zip_code`, `street`, `number`, `complement`, `neighborhood`, `city`, `state`, `country`, `description`, `area`, `bedrooms`, `bathrooms`, `garage_spaces`, `accepts_pet`, `furnished`, `rent_value`, `condominium_fee`, `iptu_value`, `photo_base64`, `status`, `created_at`) VALUES ('12', '48', 'HOUSE', 'pwkn', 'Ana Harbors', 43439, 'Apt. 993', 'Jaskolski Dale', 'East Zachariahburgh', 'Ma', 'CN', 'Debitis quaerat quis culpa provident officiis reiciendis ab. Ut quia perspiciatis quos quasi. Delectus id non consequuntur ea minima ea. Voluptatibus quis accusamus quae et.', 185, 7, 0, 9, 1, 1, '8088.68', '3536.94', '3124.14', 'NULL', 'REJECTED', '2023-10-14 19:26:56');
INSERT INTO `property` (`id`, `user_id`, `type`, `zip_code`, `street`, `number`, `complement`, `neighborhood`, `city`, `state`, `country`, `description`, `area`, `bedrooms`, `bathrooms`, `garage_spaces`, `accepts_pet`, `furnished`, `rent_value`, `condominium_fee`, `iptu_value`, `photo_base64`, `status`, `created_at`) VALUES ('13', '20', 'STUDIO', 'vzli', 'Yadira Green', 1990, 'Apt. 752', 'Hauck Ridges', 'Champlinshire', 'Ha', 'CA', 'Nihil soluta consequatur mollitia doloremque quidem praesentium. Numquam dolorum animi consequatur consectetur ab ut modi eum. Minus ullam explicabo unde debitis sit.', 64, 7, 4, 8, 0, 0, '8746.56', '1851.55', '8170.39', 'NULL', 'REJECTED', '2023-05-28 11:19:37');
INSERT INTO `property` (`id`, `user_id`, `type`, `zip_code`, `street`, `number`, `complement`, `neighborhood`, `city`, `state`, `country`, `description`, `area`, `bedrooms`, `bathrooms`, `garage_spaces`, `accepts_pet`, `furnished`, `rent_value`, `condominium_fee`, `iptu_value`, `photo_base64`, `status`, `created_at`) VALUES ('14', '37', 'APARTMENT', 'kkja', 'Lucinda Burgs', 985, 'Suite 221', 'Stanton Estate', 'East Evangeline', 'Oh', 'IE', 'In fuga voluptates maxime nam officiis sed illo. Nulla commodi excepturi debitis inventore a sed et. Aperiam ex aperiam accusamus accusamus impedit vero. Reprehenderit perferendis enim est.', 266, 7, 1, 5, 1, 0, '727.45', '4298.71', '898.36', 'NULL', 'APPROVED', '2022-11-21 01:42:34');
INSERT INTO `property` (`id`, `user_id`, `type`, `zip_code`, `street`, `number`, `complement`, `neighborhood`, `city`, `state`, `country`, `description`, `area`, `bedrooms`, `bathrooms`, `garage_spaces`, `accepts_pet`, `furnished`, `rent_value`, `condominium_fee`, `iptu_value`, `photo_base64`, `status`, `created_at`) VALUES ('15', '34', 'APARTMENT', 'lbkr', 'Hoeger Rapids', 588, 'Suite 917', 'Lemke Grove', 'Ziemeport', 'Ma', 'IT', 'Quidem excepturi sapiente fuga aut vero ut. Quas repellat qui et beatae dolores adipisci. Vel sit rerum adipisci. Quo aliquid dolores excepturi suscipit itaque dolorem quo.', 219, 5, 6, 2, 0, 0, '4745.75', '5910.66', '1308.94', 'NULL', 'PENDING_APPROVAL', '2022-12-25 04:09:08');
INSERT INTO `property` (`id`, `user_id`, `type`, `zip_code`, `street`, `number`, `complement`, `neighborhood`, `city`, `state`, `country`, `description`, `area`, `bedrooms`, `bathrooms`, `garage_spaces`, `accepts_pet`, `furnished`, `rent_value`, `condominium_fee`, `iptu_value`, `photo_base64`, `status`, `created_at`) VALUES ('16', '21', 'STUDIO', 'pycm', 'Eleanore Grove', 420, 'Apt. 145', 'Shirley River', 'South Queenie', 'In', 'CN', 'Eos cum ex aspernatur ipsum culpa nihil. Ipsum aut qui iste maxime pariatur dignissimos dolor beatae. Expedita fuga id vel voluptate.', 243, 3, 5, 7, 0, 1, '9326.28', '5183.13', '6160.21', 'NULL', 'REJECTED', '2023-08-06 11:50:40');
INSERT INTO `property` (`id`, `user_id`, `type`, `zip_code`, `street`, `number`, `complement`, `neighborhood`, `city`, `state`, `country`, `description`, `area`, `bedrooms`, `bathrooms`, `garage_spaces`, `accepts_pet`, `furnished`, `rent_value`, `condominium_fee`, `iptu_value`, `photo_base64`, `status`, `created_at`) VALUES ('17', '19', 'STUDIO', 'ziiw', 'Considine Via', 66988, 'Suite 243', 'Hirthe Mews', 'Jaskolskiberg', 'Di', 'MX', 'Et magnam ut tenetur quis accusantium molestias. Omnis qui est pariatur quasi. Rem ex saepe deserunt architecto.', 72, 2, 0, 1, 0, 0, '8500.73', '1838.57', '8643.98', 'NULL', 'PENDING_APPROVAL', '2023-02-28 16:46:26');
INSERT INTO `property` (`id`, `user_id`, `type`, `zip_code`, `street`, `number`, `complement`, `neighborhood`, `city`, `state`, `country`, `description`, `area`, `bedrooms`, `bathrooms`, `garage_spaces`, `accepts_pet`, `furnished`, `rent_value`, `condominium_fee`, `iptu_value`, `photo_base64`, `status`, `created_at`) VALUES ('18', '14', 'STUDIO', 'pvxf', 'Gerlach Plain', 9207, 'Apt. 063', 'Cooper Island', 'North Patrickmouth', 'Il', 'DE', 'Molestiae explicabo repellendus consequatur facilis corporis nostrum in. Veritatis similique adipisci qui est iusto. Cupiditate repellat consectetur commodi sunt neque et culpa laborum. Distinctio maxime possimus earum.', 300, 3, 2, 0, 0, 0, '3951.47', '1306.00', '2448.42', 'NULL', 'APPROVED', '2023-01-17 16:03:46');
INSERT INTO `property` (`id`, `user_id`, `type`, `zip_code`, `street`, `number`, `complement`, `neighborhood`, `city`, `state`, `country`, `description`, `area`, `bedrooms`, `bathrooms`, `garage_spaces`, `accepts_pet`, `furnished`, `rent_value`, `condominium_fee`, `iptu_value`, `photo_base64`, `status`, `created_at`) VALUES ('19', '50', 'HOUSE', 'kdai', 'Verla Gateway', 19592, 'Suite 263', 'Cole Harbors', 'West Gustavebury', 'Io', 'CN', 'Omnis excepturi possimus eum deserunt cupiditate delectus. Cum nulla corrupti est ratione. Vitae sunt repellendus distinctio eveniet animi sequi. Et ut qui eligendi repudiandae natus pariatur nobis culpa.', 348, 2, 3, 2, 0, 1, '6175.39', '9951.36', '3774.35', 'NULL', 'APPROVED', '2023-06-25 15:12:23');
INSERT INTO `property` (`id`, `user_id`, `type`, `zip_code`, `street`, `number`, `complement`, `neighborhood`, `city`, `state`, `country`, `description`, `area`, `bedrooms`, `bathrooms`, `garage_spaces`, `accepts_pet`, `furnished`, `rent_value`, `condominium_fee`, `iptu_value`, `photo_base64`, `status`, `created_at`) VALUES ('20', '3', 'APARTMENT', 'gbig', 'Herman Club', 13844, 'Suite 212', 'Drake Crest', 'Gusikowskiview', 'Ke', 'GB', 'Qui modi dolor voluptas rerum dolor mollitia consequatur. Aut ut sequi molestias non assumenda reprehenderit sequi. Velit enim quo reiciendis.', 48, 3, 9, 5, 0, 1, '2280.79', '7679.35', '276.88', 'NULL', 'PENDING_APPROVAL', '2023-07-01 01:41:28');
INSERT INTO `property` (`id`, `user_id`, `type`, `zip_code`, `street`, `number`, `complement`, `neighborhood`, `city`, `state`, `country`, `description`, `area`, `bedrooms`, `bathrooms`, `garage_spaces`, `accepts_pet`, `furnished`, `rent_value`, `condominium_fee`, `iptu_value`, `photo_base64`, `status`, `created_at`) VALUES ('21', '35', 'APARTMENT', 'mjkc', 'Robel Shores', 110, 'Apt. 982', 'Ernser Extension', 'South Stacyburgh', 'Co', 'FR', 'Et fuga aliquam saepe ut accusantium eius voluptates. Odit voluptate possimus qui repellendus ad ut.', 72, 9, 9, 6, 1, 0, '7339.72', '835.58', '5960.58', 'NULL', 'APPROVED', '2023-06-01 12:28:35');
INSERT INTO `property` (`id`, `user_id`, `type`, `zip_code`, `street`, `number`, `complement`, `neighborhood`, `city`, `state`, `country`, `description`, `area`, `bedrooms`, `bathrooms`, `garage_spaces`, `accepts_pet`, `furnished`, `rent_value`, `condominium_fee`, `iptu_value`, `photo_base64`, `status`, `created_at`) VALUES ('22', '19', 'STUDIO', 'zqzy', 'Waelchi Summit', 97861, 'Suite 735', 'Luther Ports', 'Lake Fausto', 'Al', 'MX', 'Non quod provident voluptatem qui cumque modi doloribus. Hic ipsum quisquam autem fuga. Quidem non possimus veritatis et optio qui. Qui minus quasi rerum qui nobis tempora sed.', 232, 2, 8, 6, 1, 1, '191.56', '6125.76', '1748.10', 'NULL', 'REJECTED', '2023-03-27 09:02:55');
INSERT INTO `property` (`id`, `user_id`, `type`, `zip_code`, `street`, `number`, `complement`, `neighborhood`, `city`, `state`, `country`, `description`, `area`, `bedrooms`, `bathrooms`, `garage_spaces`, `accepts_pet`, `furnished`, `rent_value`, `condominium_fee`, `iptu_value`, `photo_base64`, `status`, `created_at`) VALUES ('23', '12', 'HOUSE', 'pegi', 'Roxanne Rapids', 89242, 'Suite 096', 'Telly Estates', 'New Adolphus', 'Al', 'US', 'Atque error nemo facilis ipsum. Error deleniti quia aut fuga repellat dolorem. Quod id aut sed sunt sunt. Dolor possimus saepe officia.', 29, 2, 0, 7, 0, 0, '3146.98', '2972.52', '6321.73', 'NULL', 'APPROVED', '2023-11-05 06:09:45');
INSERT INTO `property` (`id`, `user_id`, `type`, `zip_code`, `street`, `number`, `complement`, `neighborhood`, `city`, `state`, `country`, `description`, `area`, `bedrooms`, `bathrooms`, `garage_spaces`, `accepts_pet`, `furnished`, `rent_value`, `condominium_fee`, `iptu_value`, `photo_base64`, `status`, `created_at`) VALUES ('24', '17', 'APARTMENT', 'lfwa', 'Johns Place', 464, 'Apt. 499', 'Erdman Vista', 'West Carsonmouth', 'Al', 'CN', 'Et ut nam qui rerum. Dolorem enim nulla voluptate aperiam sint sit rerum. Quae magni voluptates eaque adipisci quia facilis ad.', 241, 8, 3, 8, 1, 0, '4247.63', '9947.04', '4008.93', 'NULL', 'REJECTED', '2023-02-04 05:23:29');
INSERT INTO `property` (`id`, `user_id`, `type`, `zip_code`, `street`, `number`, `complement`, `neighborhood`, `city`, `state`, `country`, `description`, `area`, `bedrooms`, `bathrooms`, `garage_spaces`, `accepts_pet`, `furnished`, `rent_value`, `condominium_fee`, `iptu_value`, `photo_base64`, `status`, `created_at`) VALUES ('25', '46', 'APARTMENT', 'nvwg', 'Rubie Ports', 801, 'Suite 728', 'Pfeffer Loop', 'West Dwight', 'Ar', 'IN', 'Repellat consequuntur dolor vel vero in. Officia voluptatem officia animi provident qui beatae debitis. Autem id quia quia est.', 370, 3, 2, 0, 1, 0, '2017.73', '3826.05', '5099.27', 'NULL', 'PENDING_APPROVAL', '2023-07-02 03:36:59');
INSERT INTO `property` (`id`, `user_id`, `type`, `zip_code`, `street`, `number`, `complement`, `neighborhood`, `city`, `state`, `country`, `description`, `area`, `bedrooms`, `bathrooms`, `garage_spaces`, `accepts_pet`, `furnished`, `rent_value`, `condominium_fee`, `iptu_value`, `photo_base64`, `status`, `created_at`) VALUES ('26', '5', 'APARTMENT', 'kanx', 'Abdullah Trail', 6691, 'Suite 357', 'Cole Square', 'North Kanemouth', 'Wy', 'IE', 'Laudantium cum voluptatem minus omnis esse eum placeat quas. Placeat sunt est deserunt nulla. Eum qui facilis sequi laborum eligendi.', 108, 0, 9, 4, 0, 1, '9948.33', '9112.57', '8094.43', 'NULL', 'PENDING_APPROVAL', '2022-11-24 11:42:30');
INSERT INTO `property` (`id`, `user_id`, `type`, `zip_code`, `street`, `number`, `complement`, `neighborhood`, `city`, `state`, `country`, `description`, `area`, `bedrooms`, `bathrooms`, `garage_spaces`, `accepts_pet`, `furnished`, `rent_value`, `condominium_fee`, `iptu_value`, `photo_base64`, `status`, `created_at`) VALUES ('27', '2', 'HOUSE', 'ldfl', 'Marlene Forks', 5237, 'Suite 324', 'Robb Glen', 'Bartonshire', 'Ca', 'ES', 'Qui quia eos nesciunt commodi. Dolorem voluptas voluptates mollitia nesciunt ex maxime consequatur in. Non deleniti et nobis neque. Eveniet labore vitae asperiores ut omnis.', 262, 8, 8, 7, 1, 1, '6994.08', '144.80', '4443.05', 'NULL', 'APPROVED', '2023-11-07 21:53:04');
INSERT INTO `property` (`id`, `user_id`, `type`, `zip_code`, `street`, `number`, `complement`, `neighborhood`, `city`, `state`, `country`, `description`, `area`, `bedrooms`, `bathrooms`, `garage_spaces`, `accepts_pet`, `furnished`, `rent_value`, `condominium_fee`, `iptu_value`, `photo_base64`, `status`, `created_at`) VALUES ('28', '18', 'STUDIO', 'zgnz', 'Cartwright Island', 8347, 'Suite 761', 'Baumbach Square', 'North Aimee', 'Wy', 'IN', 'Asperiores nam consequatur neque harum. Iusto voluptatem itaque veniam qui rerum nemo. Expedita earum qui labore voluptatem facere. Nesciunt vel est eos in.', 35, 7, 6, 6, 1, 1, '8618.72', '4484.59', '1448.12', 'NULL', 'PENDING_APPROVAL', '2023-05-02 18:14:54');
INSERT INTO `property` (`id`, `user_id`, `type`, `zip_code`, `street`, `number`, `complement`, `neighborhood`, `city`, `state`, `country`, `description`, `area`, `bedrooms`, `bathrooms`, `garage_spaces`, `accepts_pet`, `furnished`, `rent_value`, `condominium_fee`, `iptu_value`, `photo_base64`, `status`, `created_at`) VALUES ('29', '28', 'STUDIO', 'xqmc', 'Zena Isle', 13594, 'Suite 612', 'Runolfsson Green', 'East Trevermouth', 'Mi', 'DE', 'Ut sed esse debitis dolores aspernatur. Sit ea rerum qui. Hic non facere facilis veniam ut culpa.', 155, 1, 0, 8, 0, 1, '6250.50', '6069.61', '7900.27', 'NULL', 'PENDING_APPROVAL', '2022-12-17 04:15:02');
INSERT INTO `property` (`id`, `user_id`, `type`, `zip_code`, `street`, `number`, `complement`, `neighborhood`, `city`, `state`, `country`, `description`, `area`, `bedrooms`, `bathrooms`, `garage_spaces`, `accepts_pet`, `furnished`, `rent_value`, `condominium_fee`, `iptu_value`, `photo_base64`, `status`, `created_at`) VALUES ('30', '38', 'HOUSE', 'tmdn', 'Gulgowski Inlet', 917, 'Suite 113', 'Ruth Mountains', 'East Vivian', 'Al', 'IE', 'Harum et corporis mollitia deserunt. Animi voluptatum laudantium suscipit neque aut amet provident. Aperiam quos provident saepe aut.', 330, 2, 9, 5, 0, 1, '9610.46', '6184.84', '6291.08', 'NULL', 'PENDING_APPROVAL', '2023-06-20 16:37:20');
INSERT INTO `property` (`id`, `user_id`, `type`, `zip_code`, `street`, `number`, `complement`, `neighborhood`, `city`, `state`, `country`, `description`, `area`, `bedrooms`, `bathrooms`, `garage_spaces`, `accepts_pet`, `furnished`, `rent_value`, `condominium_fee`, `iptu_value`, `photo_base64`, `status`, `created_at`) VALUES ('31', '17', 'HOUSE', 'qdtu', 'Stoltenberg Gardens', 48523, 'Suite 830', 'Bryce Neck', 'Wardfort', 'We', 'IN', 'Eos eum laboriosam omnis illum possimus velit. Quia libero voluptas quam id accusamus. Dolorem dolore quia est atque maxime voluptatum.', 363, 6, 0, 9, 0, 0, '4877.79', '5431.54', '8389.19', 'NULL', 'APPROVED', '2023-08-11 20:25:14');
INSERT INTO `property` (`id`, `user_id`, `type`, `zip_code`, `street`, `number`, `complement`, `neighborhood`, `city`, `state`, `country`, `description`, `area`, `bedrooms`, `bathrooms`, `garage_spaces`, `accepts_pet`, `furnished`, `rent_value`, `condominium_fee`, `iptu_value`, `photo_base64`, `status`, `created_at`) VALUES ('32', '8', 'APARTMENT', 'weij', 'Feest Mountain', 194, 'Suite 891', 'Lang Flat', 'New Alvah', 'Mo', 'US', 'Et ut corrupti in vel eos earum. Adipisci facere quis nisi id officia quas dolorem. Eos eaque omnis rem similique fugit dolores laboriosam.', 399, 7, 7, 4, 1, 0, '6327.56', '5566.99', '8400.72', 'NULL', 'APPROVED', '2023-11-18 12:16:20');
INSERT INTO `property` (`id`, `user_id`, `type`, `zip_code`, `street`, `number`, `complement`, `neighborhood`, `city`, `state`, `country`, `description`, `area`, `bedrooms`, `bathrooms`, `garage_spaces`, `accepts_pet`, `furnished`, `rent_value`, `condominium_fee`, `iptu_value`, `photo_base64`, `status`, `created_at`) VALUES ('33', '33', 'HOUSE', 'fyeg', 'Alessia Cove', 3021, 'Apt. 954', 'Herzog Lodge', 'Lake Retha', 'Ma', 'FR', 'Corrupti quam consectetur officiis. Rem quae dignissimos repellat non illo. Dolore quis maxime occaecati enim eos quas quod.', 394, 3, 5, 7, 0, 1, '3200.17', '5380.15', '575.66', 'NULL', 'REJECTED', '2023-07-22 11:13:52');
INSERT INTO `property` (`id`, `user_id`, `type`, `zip_code`, `street`, `number`, `complement`, `neighborhood`, `city`, `state`, `country`, `description`, `area`, `bedrooms`, `bathrooms`, `garage_spaces`, `accepts_pet`, `furnished`, `rent_value`, `condominium_fee`, `iptu_value`, `photo_base64`, `status`, `created_at`) VALUES ('34', '15', 'HOUSE', 'nxxb', 'Kub Way', 456, 'Apt. 023', 'Orpha Light', 'Turcottebury', 'De', 'GB', 'Quasi et eaque laboriosam vitae. Doloremque in inventore similique aut modi.', 313, 4, 1, 9, 0, 0, '5378.05', '7226.43', '271.27', 'NULL', 'PENDING_APPROVAL', '2023-02-14 19:07:05');
INSERT INTO `property` (`id`, `user_id`, `type`, `zip_code`, `street`, `number`, `complement`, `neighborhood`, `city`, `state`, `country`, `description`, `area`, `bedrooms`, `bathrooms`, `garage_spaces`, `accepts_pet`, `furnished`, `rent_value`, `condominium_fee`, `iptu_value`, `photo_base64`, `status`, `created_at`) VALUES ('35', '48', 'STUDIO', 'ydcp', 'Agnes Center', 1832, 'Suite 434', 'Koch Club', 'South Addison', 'Ne', 'IN', 'Et aut rerum vitae earum pariatur labore. Facilis dolorem eveniet tempore. Ad ipsum sunt neque repellendus omnis ea. Nam et assumenda voluptatem illo.', 78, 4, 4, 7, 0, 0, '1756.78', '2067.09', '5189.79', 'NULL', 'APPROVED', '2022-12-20 19:50:25');
INSERT INTO `property` (`id`, `user_id`, `type`, `zip_code`, `street`, `number`, `complement`, `neighborhood`, `city`, `state`, `country`, `description`, `area`, `bedrooms`, `bathrooms`, `garage_spaces`, `accepts_pet`, `furnished`, `rent_value`, `condominium_fee`, `iptu_value`, `photo_base64`, `status`, `created_at`) VALUES ('36', '11', 'HOUSE', 'migz', 'Diamond Ports', 954, 'Suite 622', 'Wade Forks', 'North Toymouth', 'Or', 'ES', 'Repudiandae eaque blanditiis harum non dolorum. Et et sunt eos alias et expedita ut. Qui est quasi velit sapiente deleniti. Delectus beatae quibusdam maxime numquam ut laudantium.', 390, 6, 1, 8, 0, 0, '9433.63', '2366.34', '6709.85', 'NULL', 'APPROVED', '2023-02-01 22:55:38');
INSERT INTO `property` (`id`, `user_id`, `type`, `zip_code`, `street`, `number`, `complement`, `neighborhood`, `city`, `state`, `country`, `description`, `area`, `bedrooms`, `bathrooms`, `garage_spaces`, `accepts_pet`, `furnished`, `rent_value`, `condominium_fee`, `iptu_value`, `photo_base64`, `status`, `created_at`) VALUES ('37', '28', 'APARTMENT', 'vluz', 'Grover Plains', 6819, 'Suite 969', 'Abshire Lodge', 'South Erikachester', 'Ma', 'MX', 'Officiis quae est illum sit. Ea voluptas est eveniet sed autem et adipisci. Dolorem atque est qui.', 287, 9, 8, 9, 1, 1, '7576.67', '6981.59', '5530.63', 'NULL', 'REJECTED', '2023-05-11 15:50:51');
INSERT INTO `property` (`id`, `user_id`, `type`, `zip_code`, `street`, `number`, `complement`, `neighborhood`, `city`, `state`, `country`, `description`, `area`, `bedrooms`, `bathrooms`, `garage_spaces`, `accepts_pet`, `furnished`, `rent_value`, `condominium_fee`, `iptu_value`, `photo_base64`, `status`, `created_at`) VALUES ('38', '4', 'APARTMENT', 'dbtu', 'Clint Dam', 9537, 'Suite 933', 'Witting Islands', 'South Patberg', 'Ne', 'GB', 'Quis quisquam incidunt impedit debitis quae nobis inventore dolores. Est optio debitis consequatur nisi voluptatem. In autem qui consequatur qui eum qui. Nisi dolor iure deserunt.', 22, 9, 3, 1, 0, 0, '3865.92', '111.17', '8990.59', 'NULL', 'APPROVED', '2023-09-18 07:58:19');
INSERT INTO `property` (`id`, `user_id`, `type`, `zip_code`, `street`, `number`, `complement`, `neighborhood`, `city`, `state`, `country`, `description`, `area`, `bedrooms`, `bathrooms`, `garage_spaces`, `accepts_pet`, `furnished`, `rent_value`, `condominium_fee`, `iptu_value`, `photo_base64`, `status`, `created_at`) VALUES ('39', '28', 'APARTMENT', 'bnsl', 'Hilll Common', 151, 'Apt. 987', 'Cummerata Road', 'East Orland', 'Ok', 'IT', 'Eos impedit rem impedit dolores quaerat. Autem doloribus itaque quis non eius explicabo. Consequuntur consectetur dignissimos accusamus sunt aut fugit animi. Sapiente quos magni magnam similique.', 275, 8, 6, 8, 1, 0, '1285.28', '1402.47', '4172.83', 'NULL', 'PENDING_APPROVAL', '2023-01-11 20:01:48');
INSERT INTO `property` (`id`, `user_id`, `type`, `zip_code`, `street`, `number`, `complement`, `neighborhood`, `city`, `state`, `country`, `description`, `area`, `bedrooms`, `bathrooms`, `garage_spaces`, `accepts_pet`, `furnished`, `rent_value`, `condominium_fee`, `iptu_value`, `photo_base64`, `status`, `created_at`) VALUES ('40', '20', 'APARTMENT', 'qltw', 'Weissnat Ferry', 97028, 'Apt. 749', 'Darryl Courts', 'Blicktown', 'Co', 'FR', 'Et praesentium molestiae aspernatur ut dolorem. Perferendis minus vel quae et voluptatem perspiciatis delectus. Rerum necessitatibus non cumque qui corrupti et ipsam.', 368, 9, 4, 5, 0, 0, '5410.22', '5477.23', '7572.20', 'NULL', 'REJECTED', '2022-11-21 10:01:29');
INSERT INTO `property` (`id`, `user_id`, `type`, `zip_code`, `street`, `number`, `complement`, `neighborhood`, `city`, `state`, `country`, `description`, `area`, `bedrooms`, `bathrooms`, `garage_spaces`, `accepts_pet`, `furnished`, `rent_value`, `condominium_fee`, `iptu_value`, `photo_base64`, `status`, `created_at`) VALUES ('41', '39', 'HOUSE', 'ylnp', 'Tillman Burgs', 8596, 'Suite 991', 'Steve Forge', 'East Kylerfort', 'Ha', 'IE', 'Non libero labore est incidunt consequatur. Eligendi laborum in qui. Quis autem placeat voluptates consequatur similique nam nostrum assumenda. Rerum rerum neque ut excepturi.', 117, 3, 3, 2, 0, 1, '8035.72', '3243.35', '7295.15', 'NULL', 'REJECTED', '2023-04-23 08:38:32');
INSERT INTO `property` (`id`, `user_id`, `type`, `zip_code`, `street`, `number`, `complement`, `neighborhood`, `city`, `state`, `country`, `description`, `area`, `bedrooms`, `bathrooms`, `garage_spaces`, `accepts_pet`, `furnished`, `rent_value`, `condominium_fee`, `iptu_value`, `photo_base64`, `status`, `created_at`) VALUES ('42', '22', 'STUDIO', 'niyj', 'Quitzon Estates', 574, 'Suite 622', 'Gibson Forges', 'Kathlynport', 'We', 'CN', 'Neque praesentium et architecto. Quia minus quasi velit quis repudiandae nam quia. Quaerat autem officia doloremque repellat.', 222, 3, 1, 3, 1, 1, '2406.18', '6756.73', '7088.62', 'NULL', 'APPROVED', '2023-02-03 04:11:19');
INSERT INTO `property` (`id`, `user_id`, `type`, `zip_code`, `street`, `number`, `complement`, `neighborhood`, `city`, `state`, `country`, `description`, `area`, `bedrooms`, `bathrooms`, `garage_spaces`, `accepts_pet`, `furnished`, `rent_value`, `condominium_fee`, `iptu_value`, `photo_base64`, `status`, `created_at`) VALUES ('43', '34', 'STUDIO', 'qopo', 'Christina Points', 667, 'Apt. 236', 'Stephanie Creek', 'Port Jovaniton', 'Ge', 'ES', 'Vitae labore delectus ipsa voluptatem autem possimus iure. Aut qui consequuntur quia molestiae ducimus et. Fugit sit aliquid qui nam et ut expedita iure.', 310, 4, 5, 1, 1, 1, '9131.51', '9433.70', '3462.01', 'NULL', 'REJECTED', '2023-08-05 11:34:57');
INSERT INTO `property` (`id`, `user_id`, `type`, `zip_code`, `street`, `number`, `complement`, `neighborhood`, `city`, `state`, `country`, `description`, `area`, `bedrooms`, `bathrooms`, `garage_spaces`, `accepts_pet`, `furnished`, `rent_value`, `condominium_fee`, `iptu_value`, `photo_base64`, `status`, `created_at`) VALUES ('44', '48', 'APARTMENT', 'ljoh', 'Darlene Key', 18563, 'Suite 133', 'Kiera Extension', 'Port Alfred', 'Ge', 'ES', 'Rerum quisquam dolorum fuga ut quidem. Autem magni est aut nulla vel laborum qui. Rerum quaerat quia quam quam omnis a. A sint odio tenetur voluptate.', 303, 1, 4, 2, 0, 0, '775.47', '2767.36', '6175.88', 'NULL', 'APPROVED', '2023-01-11 06:44:29');
INSERT INTO `property` (`id`, `user_id`, `type`, `zip_code`, `street`, `number`, `complement`, `neighborhood`, `city`, `state`, `country`, `description`, `area`, `bedrooms`, `bathrooms`, `garage_spaces`, `accepts_pet`, `furnished`, `rent_value`, `condominium_fee`, `iptu_value`, `photo_base64`, `status`, `created_at`) VALUES ('45', '41', 'APARTMENT', 'phpw', 'Daren Curve', 83579, 'Suite 388', 'Shad Flats', 'East Luna', 'Ke', 'FR', 'Facere quasi mollitia laudantium odit quasi quia eaque. Esse quas dolores laboriosam sunt non omnis nobis.', 361, 3, 2, 8, 1, 0, '4429.39', '2049.54', '8516.07', 'NULL', 'PENDING_APPROVAL', '2023-09-11 06:13:57');
INSERT INTO `property` (`id`, `user_id`, `type`, `zip_code`, `street`, `number`, `complement`, `neighborhood`, `city`, `state`, `country`, `description`, `area`, `bedrooms`, `bathrooms`, `garage_spaces`, `accepts_pet`, `furnished`, `rent_value`, `condominium_fee`, `iptu_value`, `photo_base64`, `status`, `created_at`) VALUES ('46', '17', 'APARTMENT', 'rryn', 'Shad Green', 86262, 'Suite 832', 'Lind Summit', 'Handchester', 'Or', 'IN', 'Pariatur eos qui consequatur quod optio tempore animi. Blanditiis eaque id ut. Porro officia dolore harum rerum et. Perferendis molestiae ut consequatur perspiciatis.', 222, 0, 9, 5, 1, 1, '3993.51', '8517.56', '2310.84', 'NULL', 'PENDING_APPROVAL', '2023-06-04 17:01:12');
INSERT INTO `property` (`id`, `user_id`, `type`, `zip_code`, `street`, `number`, `complement`, `neighborhood`, `city`, `state`, `country`, `description`, `area`, `bedrooms`, `bathrooms`, `garage_spaces`, `accepts_pet`, `furnished`, `rent_value`, `condominium_fee`, `iptu_value`, `photo_base64`, `status`, `created_at`) VALUES ('47', '1', 'APARTMENT', 'oati', 'Gutmann Estate', 534, 'Apt. 825', 'Sawayn Cliffs', 'East Missouri', 'Ar', 'MX', 'Deserunt alias id ut. Eum autem praesentium doloremque omnis cumque voluptatem quibusdam et. Fuga placeat distinctio sapiente neque sit. Nam non minima et sequi cumque ducimus minima aspernatur.', 345, 0, 1, 6, 0, 1, '6975.65', '8702.39', '5186.82', 'NULL', 'REJECTED', '2023-08-27 10:51:31');
INSERT INTO `property` (`id`, `user_id`, `type`, `zip_code`, `street`, `number`, `complement`, `neighborhood`, `city`, `state`, `country`, `description`, `area`, `bedrooms`, `bathrooms`, `garage_spaces`, `accepts_pet`, `furnished`, `rent_value`, `condominium_fee`, `iptu_value`, `photo_base64`, `status`, `created_at`) VALUES ('48', '14', 'HOUSE', 'zreo', 'Muller Court', 3752, 'Suite 208', 'Carmella Neck', 'Lake Asamouth', 'Ne', 'DE', 'Aut animi aperiam eligendi repellat architecto. Nesciunt deleniti quis facilis et autem natus ut. Accusamus repudiandae veniam aliquam sunt. Modi perferendis consequuntur excepturi beatae.', 208, 3, 5, 6, 1, 0, '4134.41', '4847.14', '8859.05', 'NULL', 'REJECTED', '2023-06-19 15:56:22');
INSERT INTO `property` (`id`, `user_id`, `type`, `zip_code`, `street`, `number`, `complement`, `neighborhood`, `city`, `state`, `country`, `description`, `area`, `bedrooms`, `bathrooms`, `garage_spaces`, `accepts_pet`, `furnished`, `rent_value`, `condominium_fee`, `iptu_value`, `photo_base64`, `status`, `created_at`) VALUES ('49', '36', 'HOUSE', 'fjmd', 'Bauch Pike', 9268, 'Apt. 980', 'Nicolas Court', 'Bashirianview', 'Ar', 'PT', 'Cum dolorum placeat iure voluptate maiores molestiae. Omnis sed nostrum ipsa est nisi est iure vel. Ex voluptas totam tempora velit corrupti. Commodi neque ducimus aut minima.', 55, 8, 3, 4, 0, 1, '2121.65', '1688.22', '6786.82', 'NULL', 'PENDING_APPROVAL', '2023-07-16 13:28:41');
INSERT INTO `property` (`id`, `user_id`, `type`, `zip_code`, `street`, `number`, `complement`, `neighborhood`, `city`, `state`, `country`, `description`, `area`, `bedrooms`, `bathrooms`, `garage_spaces`, `accepts_pet`, `furnished`, `rent_value`, `condominium_fee`, `iptu_value`, `photo_base64`, `status`, `created_at`) VALUES ('50', '34', 'STUDIO', 'gmcu', 'Declan Coves', 786, 'Apt. 762', 'Eleanore Rapid', 'Wizaview', 'Ne', 'IE', 'Ex minus laudantium repellat doloribus aut non. Eaque eos incidunt eum et.', 200, 0, 5, 8, 0, 0, '2024.00', '3127.40', '2626.76', 'NULL', 'PENDING_APPROVAL', '2023-09-28 23:41:40');
INSERT INTO `property` (`id`, `user_id`, `type`, `zip_code`, `street`, `number`, `complement`, `neighborhood`, `city`, `state`, `country`, `description`, `area`, `bedrooms`, `bathrooms`, `garage_spaces`, `accepts_pet`, `furnished`, `rent_value`, `condominium_fee`, `iptu_value`, `photo_base64`, `status`, `created_at`) VALUES ('51', '18', 'APARTMENT', 'xwjf', 'Feeney Manors', 13758, 'Apt. 278', 'Wilkinson Cove', 'Leschberg', 'Ma', 'CN', 'Numquam esse voluptatem iusto quaerat aut ipsum quia. Unde adipisci iusto quisquam possimus esse et hic. Unde rem ea tempora alias deserunt modi minima enim.', 87, 0, 5, 5, 0, 0, '341.15', '2866.60', '635.72', 'NULL', 'APPROVED', '2023-05-06 22:30:36');
INSERT INTO `property` (`id`, `user_id`, `type`, `zip_code`, `street`, `number`, `complement`, `neighborhood`, `city`, `state`, `country`, `description`, `area`, `bedrooms`, `bathrooms`, `garage_spaces`, `accepts_pet`, `furnished`, `rent_value`, `condominium_fee`, `iptu_value`, `photo_base64`, `status`, `created_at`) VALUES ('52', '31', 'APARTMENT', 'hqtk', 'Erdman Ports', 1884, 'Suite 247', 'Eulah Route', 'Powlowskiland', 'Ne', 'IT', 'Saepe cumque deleniti suscipit repellendus. Dicta ex nisi aliquam et deleniti. Qui voluptatem minus optio qui quae nam repudiandae. Quaerat veritatis ut atque. Fugiat quod quis sapiente ad totam.', 207, 1, 7, 2, 0, 1, '2588.75', '7478.39', '7967.42', 'NULL', 'PENDING_APPROVAL', '2023-06-01 20:46:20');
INSERT INTO `property` (`id`, `user_id`, `type`, `zip_code`, `street`, `number`, `complement`, `neighborhood`, `city`, `state`, `country`, `description`, `area`, `bedrooms`, `bathrooms`, `garage_spaces`, `accepts_pet`, `furnished`, `rent_value`, `condominium_fee`, `iptu_value`, `photo_base64`, `status`, `created_at`) VALUES ('53', '38', 'HOUSE', 'xkhk', 'Runolfsson Alley', 5802, 'Apt. 638', 'Ila Falls', 'East Justine', 'Ca', 'CN', 'Officia numquam non velit explicabo et quod. Quo enim pariatur est ut numquam quas dolores. Voluptates eos deleniti nemo placeat facilis doloribus voluptates dolorem.', 271, 5, 7, 0, 1, 1, '2118.87', '1031.70', '8168.77', 'NULL', 'PENDING_APPROVAL', '2023-10-23 22:14:20');
INSERT INTO `property` (`id`, `user_id`, `type`, `zip_code`, `street`, `number`, `complement`, `neighborhood`, `city`, `state`, `country`, `description`, `area`, `bedrooms`, `bathrooms`, `garage_spaces`, `accepts_pet`, `furnished`, `rent_value`, `condominium_fee`, `iptu_value`, `photo_base64`, `status`, `created_at`) VALUES ('54', '48', 'STUDIO', 'mwgr', 'Reichert Trafficway', 89771, 'Suite 363', 'Nikolas Courts', 'East Rashawnside', 'Al', 'FR', 'Exercitationem qui cum eius voluptatem corporis. Eos quia enim eum voluptate nobis ut. Consectetur minima beatae et ipsa aperiam cum similique. Voluptatibus et aliquam et.', 102, 8, 4, 7, 1, 0, '546.77', '5909.54', '8994.99', 'NULL', 'APPROVED', '2023-09-12 23:57:53');
INSERT INTO `property` (`id`, `user_id`, `type`, `zip_code`, `street`, `number`, `complement`, `neighborhood`, `city`, `state`, `country`, `description`, `area`, `bedrooms`, `bathrooms`, `garage_spaces`, `accepts_pet`, `furnished`, `rent_value`, `condominium_fee`, `iptu_value`, `photo_base64`, `status`, `created_at`) VALUES ('55', '28', 'STUDIO', 'tnrw', 'Zita Garden', 86450, 'Suite 240', 'Swaniawski Underpass', 'New Joelle', 'Il', 'RU', 'Autem consequatur officia voluptatum asperiores. Est reiciendis id quis reiciendis. Porro non aut fugit esse a eaque.', 115, 4, 7, 7, 0, 0, '1076.84', '6398.14', '4641.87', 'NULL', 'REJECTED', '2023-10-14 04:55:14');
INSERT INTO `property` (`id`, `user_id`, `type`, `zip_code`, `street`, `number`, `complement`, `neighborhood`, `city`, `state`, `country`, `description`, `area`, `bedrooms`, `bathrooms`, `garage_spaces`, `accepts_pet`, `furnished`, `rent_value`, `condominium_fee`, `iptu_value`, `photo_base64`, `status`, `created_at`) VALUES ('56', '6', 'STUDIO', 'gpwf', 'Bettye Ramp', 388, 'Suite 773', 'Jeromy Rapid', 'South Aliaberg', 'Or', 'MX', 'Voluptas ipsum tempore qui mollitia sed. Possimus unde voluptatem quidem voluptatem eligendi. Earum ea unde sit fugiat.', 380, 2, 4, 4, 0, 1, '528.70', '1766.12', '3118.49', 'NULL', 'PENDING_APPROVAL', '2023-01-05 14:30:09');
INSERT INTO `property` (`id`, `user_id`, `type`, `zip_code`, `street`, `number`, `complement`, `neighborhood`, `city`, `state`, `country`, `description`, `area`, `bedrooms`, `bathrooms`, `garage_spaces`, `accepts_pet`, `furnished`, `rent_value`, `condominium_fee`, `iptu_value`, `photo_base64`, `status`, `created_at`) VALUES ('57', '20', 'STUDIO', 'riem', 'Mills Overpass', 2002, 'Suite 603', 'Carlotta Shoals', 'Lake Juliana', 'In', 'MX', 'Sint error sunt laboriosam vel natus. Recusandae rerum exercitationem qui voluptatem ratione. Tempora voluptatem quasi deleniti laborum nisi. Et aspernatur molestiae quia.', 68, 4, 1, 0, 1, 1, '8465.93', '4917.19', '8279.38', 'NULL', 'PENDING_APPROVAL', '2023-03-22 00:40:14');
INSERT INTO `property` (`id`, `user_id`, `type`, `zip_code`, `street`, `number`, `complement`, `neighborhood`, `city`, `state`, `country`, `description`, `area`, `bedrooms`, `bathrooms`, `garage_spaces`, `accepts_pet`, `furnished`, `rent_value`, `condominium_fee`, `iptu_value`, `photo_base64`, `status`, `created_at`) VALUES ('58', '34', 'APARTMENT', 'jswd', 'Nitzsche Fort', 48361, 'Apt. 669', 'Ceasar Viaduct', 'South Brandy', 'Ma', 'MX', 'Unde illo cum delectus mollitia. Delectus provident beatae non hic nisi totam beatae minima. Magni sit assumenda vitae quos.', 394, 0, 3, 4, 0, 0, '6581.77', '8068.52', '3448.81', 'NULL', 'APPROVED', '2023-01-25 09:39:22');
INSERT INTO `property` (`id`, `user_id`, `type`, `zip_code`, `street`, `number`, `complement`, `neighborhood`, `city`, `state`, `country`, `description`, `area`, `bedrooms`, `bathrooms`, `garage_spaces`, `accepts_pet`, `furnished`, `rent_value`, `condominium_fee`, `iptu_value`, `photo_base64`, `status`, `created_at`) VALUES ('59', '16', 'STUDIO', 'zust', 'Bogan Skyway', 560, 'Apt. 833', 'Madyson Vista', 'Corkeryburgh', 'Mi', 'CN', 'Et est amet tenetur dolor et maxime minus. Sit sequi ut voluptatem qui pariatur facere corporis sunt. Ut facilis explicabo ratione cumque nihil sit harum et. Placeat necessitatibus molestias debitis ullam.', 130, 9, 4, 8, 1, 0, '1263.10', '3261.10', '1722.64', 'NULL', 'APPROVED', '2023-03-10 04:49:12');
INSERT INTO `property` (`id`, `user_id`, `type`, `zip_code`, `street`, `number`, `complement`, `neighborhood`, `city`, `state`, `country`, `description`, `area`, `bedrooms`, `bathrooms`, `garage_spaces`, `accepts_pet`, `furnished`, `rent_value`, `condominium_fee`, `iptu_value`, `photo_base64`, `status`, `created_at`) VALUES ('60', '11', 'HOUSE', 'wixe', 'Porter Haven', 8775, 'Apt. 290', 'Amy Freeway', 'Kemmerport', 'Ge', 'ES', 'Doloremque facilis hic aut ratione. Excepturi quis velit tempore ut dolores facere animi voluptas. Deserunt nostrum in ex cumque voluptas deleniti eum.', 353, 1, 6, 2, 1, 0, '8683.71', '3881.32', '5952.73', 'NULL', 'REJECTED', '2022-12-30 01:32:09');
INSERT INTO `property` (`id`, `user_id`, `type`, `zip_code`, `street`, `number`, `complement`, `neighborhood`, `city`, `state`, `country`, `description`, `area`, `bedrooms`, `bathrooms`, `garage_spaces`, `accepts_pet`, `furnished`, `rent_value`, `condominium_fee`, `iptu_value`, `photo_base64`, `status`, `created_at`) VALUES ('61', '46', 'APARTMENT', 'vqir', 'Franecki Oval', 178, 'Apt. 458', 'Cole Estate', 'Botsfordborough', 'Mo', 'DE', 'Modi debitis voluptas qui mollitia. Omnis ut corrupti totam. Eveniet expedita necessitatibus molestiae aspernatur vitae. Facilis aut hic ut labore corrupti ut officiis.', 241, 1, 5, 5, 1, 0, '3838.29', '8965.16', '1297.48', 'NULL', 'REJECTED', '2023-01-16 16:17:18');
INSERT INTO `property` (`id`, `user_id`, `type`, `zip_code`, `street`, `number`, `complement`, `neighborhood`, `city`, `state`, `country`, `description`, `area`, `bedrooms`, `bathrooms`, `garage_spaces`, `accepts_pet`, `furnished`, `rent_value`, `condominium_fee`, `iptu_value`, `photo_base64`, `status`, `created_at`) VALUES ('62', '3', 'STUDIO', 'vgnp', 'Eric Lodge', 57, 'Apt. 639', 'Schultz Views', 'Port Marlenville', 'Al', 'FR', 'Illum quia quia magni ipsum delectus quos. Quod aliquid molestias dicta quos ipsum. Accusantium consequatur aut commodi occaecati. Laudantium fugiat ut doloremque et.', 323, 4, 3, 0, 0, 0, '8950.26', '2491.06', '8100.25', 'NULL', 'REJECTED', '2023-02-07 04:51:57');
INSERT INTO `property` (`id`, `user_id`, `type`, `zip_code`, `street`, `number`, `complement`, `neighborhood`, `city`, `state`, `country`, `description`, `area`, `bedrooms`, `bathrooms`, `garage_spaces`, `accepts_pet`, `furnished`, `rent_value`, `condominium_fee`, `iptu_value`, `photo_base64`, `status`, `created_at`) VALUES ('63', '19', 'APARTMENT', 'pmhe', 'Cronin Trail', 926, 'Apt. 290', 'Prosacco Squares', 'South Ernest', 'Al', 'IE', 'Ipsam neque necessitatibus quis pariatur minus. Voluptatem qui et et aperiam illo cum laudantium.', 364, 2, 1, 9, 1, 1, '8932.04', '9567.41', '4641.48', 'NULL', 'PENDING_APPROVAL', '2023-01-14 18:38:57');
INSERT INTO `property` (`id`, `user_id`, `type`, `zip_code`, `street`, `number`, `complement`, `neighborhood`, `city`, `state`, `country`, `description`, `area`, `bedrooms`, `bathrooms`, `garage_spaces`, `accepts_pet`, `furnished`, `rent_value`, `condominium_fee`, `iptu_value`, `photo_base64`, `status`, `created_at`) VALUES ('64', '4', 'STUDIO', 'mylw', 'Easton Cliff', 46572, 'Apt. 876', 'Neil Terrace', 'South Bernie', 'So', 'ES', 'Quibusdam qui ut maiores ex ea voluptatem. Aspernatur voluptatibus voluptates repudiandae non numquam nostrum qui.', 103, 9, 7, 7, 0, 1, '3954.75', '3546.17', '5349.27', 'NULL', 'REJECTED', '2023-07-10 10:12:58');
INSERT INTO `property` (`id`, `user_id`, `type`, `zip_code`, `street`, `number`, `complement`, `neighborhood`, `city`, `state`, `country`, `description`, `area`, `bedrooms`, `bathrooms`, `garage_spaces`, `accepts_pet`, `furnished`, `rent_value`, `condominium_fee`, `iptu_value`, `photo_base64`, `status`, `created_at`) VALUES ('65', '5', 'STUDIO', 'nxoq', 'Mazie Court', 889, 'Apt. 171', 'Reinger Pines', 'East Ollie', 'Te', 'FR', 'Ratione non voluptatem quam quia sapiente optio. Voluptatem reprehenderit consequatur porro doloremque quo aut tempore. Cumque excepturi voluptate consectetur voluptatem distinctio.', 86, 3, 7, 1, 1, 1, '7205.82', '6372.29', '9067.44', 'NULL', 'PENDING_APPROVAL', '2023-05-18 20:45:48');
INSERT INTO `property` (`id`, `user_id`, `type`, `zip_code`, `street`, `number`, `complement`, `neighborhood`, `city`, `state`, `country`, `description`, `area`, `bedrooms`, `bathrooms`, `garage_spaces`, `accepts_pet`, `furnished`, `rent_value`, `condominium_fee`, `iptu_value`, `photo_base64`, `status`, `created_at`) VALUES ('66', '49', 'STUDIO', 'tqny', 'Odell Tunnel', 8712, 'Suite 450', 'Graham Union', 'South Kaileeton', 'Te', 'IE', 'Officiis voluptas eligendi voluptate aliquam distinctio molestiae mollitia. Ea reiciendis occaecati qui voluptas. Suscipit rem et perspiciatis sapiente. Doloremque velit eum illo neque similique possimus. Qui et exercitationem modi recusandae omnis.', 305, 3, 9, 7, 0, 0, '417.04', '2104.40', '2558.50', 'NULL', 'APPROVED', '2023-09-08 07:16:43');
INSERT INTO `property` (`id`, `user_id`, `type`, `zip_code`, `street`, `number`, `complement`, `neighborhood`, `city`, `state`, `country`, `description`, `area`, `bedrooms`, `bathrooms`, `garage_spaces`, `accepts_pet`, `furnished`, `rent_value`, `condominium_fee`, `iptu_value`, `photo_base64`, `status`, `created_at`) VALUES ('67', '2', 'STUDIO', 'yxgi', 'Ansley Parkway', 39258, 'Suite 872', 'Miracle Cape', 'East Americaview', 'Ne', 'ES', 'Ipsam et velit tenetur qui totam qui corrupti ut. Nihil labore et et sint. Aperiam aspernatur ullam sunt id illum cum. Non consequatur rerum beatae quas optio minus est.', 240, 5, 7, 3, 0, 0, '8468.09', '8939.24', '2172.13', 'NULL', 'REJECTED', '2023-08-15 07:53:16');
INSERT INTO `property` (`id`, `user_id`, `type`, `zip_code`, `street`, `number`, `complement`, `neighborhood`, `city`, `state`, `country`, `description`, `area`, `bedrooms`, `bathrooms`, `garage_spaces`, `accepts_pet`, `furnished`, `rent_value`, `condominium_fee`, `iptu_value`, `photo_base64`, `status`, `created_at`) VALUES ('68', '27', 'HOUSE', 'jczb', 'Cesar Lodge', 7501, 'Apt. 040', 'Bins Burgs', 'Cristside', 'No', 'FR', 'Qui in ab et. Recusandae rerum qui a dolores. Sit consectetur dolorum nisi.', 30, 9, 3, 2, 0, 1, '6429.57', '5584.32', '1292.19', 'NULL', 'REJECTED', '2023-07-15 06:08:01');
INSERT INTO `property` (`id`, `user_id`, `type`, `zip_code`, `street`, `number`, `complement`, `neighborhood`, `city`, `state`, `country`, `description`, `area`, `bedrooms`, `bathrooms`, `garage_spaces`, `accepts_pet`, `furnished`, `rent_value`, `condominium_fee`, `iptu_value`, `photo_base64`, `status`, `created_at`) VALUES ('69', '3', 'STUDIO', 'rjvc', 'Kelsi Glens', 6345, 'Suite 536', 'Freida Land', 'Watsicashire', 'Or', 'MX', 'Sunt nesciunt dolor laboriosam neque provident laudantium eius. Voluptatibus corrupti debitis velit vel provident. Natus commodi quia molestias recusandae est sint voluptas consequatur.', 382, 8, 9, 4, 1, 1, '2374.76', '2429.56', '3541.38', 'NULL', 'PENDING_APPROVAL', '2022-12-09 01:18:02');
INSERT INTO `property` (`id`, `user_id`, `type`, `zip_code`, `street`, `number`, `complement`, `neighborhood`, `city`, `state`, `country`, `description`, `area`, `bedrooms`, `bathrooms`, `garage_spaces`, `accepts_pet`, `furnished`, `rent_value`, `condominium_fee`, `iptu_value`, `photo_base64`, `status`, `created_at`) VALUES ('70', '40', 'HOUSE', 'fsjw', 'Shields Dam', 364, 'Apt. 933', 'Dovie Brook', 'South Mac', 'Co', 'ES', 'Qui et voluptate inventore eum saepe. Maiores consequuntur dignissimos dicta animi sit quo. Rerum consectetur velit doloremque numquam autem sint.', 24, 9, 0, 1, 1, 0, '1713.55', '5482.84', '7731.27', 'NULL', 'REJECTED', '2023-05-08 09:02:58');
INSERT INTO `property` (`id`, `user_id`, `type`, `zip_code`, `street`, `number`, `complement`, `neighborhood`, `city`, `state`, `country`, `description`, `area`, `bedrooms`, `bathrooms`, `garage_spaces`, `accepts_pet`, `furnished`, `rent_value`, `condominium_fee`, `iptu_value`, `photo_base64`, `status`, `created_at`) VALUES ('71', '48', 'HOUSE', 'wzmg', 'Oberbrunner Flats', 321, 'Suite 293', 'Giovanni Road', 'Lunaview', 'Ar', 'GB', 'Quia sit sunt veritatis vel sit explicabo. Sed pariatur ducimus reiciendis eaque harum. Repudiandae ipsam aut eius dolorem sint.', 371, 8, 9, 0, 1, 0, '5135.73', '8738.39', '6094.87', 'NULL', 'PENDING_APPROVAL', '2023-03-01 15:57:34');
INSERT INTO `property` (`id`, `user_id`, `type`, `zip_code`, `street`, `number`, `complement`, `neighborhood`, `city`, `state`, `country`, `description`, `area`, `bedrooms`, `bathrooms`, `garage_spaces`, `accepts_pet`, `furnished`, `rent_value`, `condominium_fee`, `iptu_value`, `photo_base64`, `status`, `created_at`) VALUES ('72', '23', 'APARTMENT', 'unrj', 'Jessica Center', 14575, 'Apt. 601', 'Lucius Square', 'West Louvenia', 'Te', 'PT', 'Recusandae aut ut tenetur rerum nemo nemo id. Autem eos sit enim odit quo. Placeat dolores quas adipisci sint rem facere nisi. Architecto ipsum atque veritatis aut aliquid ad.', 321, 5, 6, 1, 1, 0, '9130.46', '3814.84', '2376.88', 'NULL', 'PENDING_APPROVAL', '2023-09-01 17:20:12');
INSERT INTO `property` (`id`, `user_id`, `type`, `zip_code`, `street`, `number`, `complement`, `neighborhood`, `city`, `state`, `country`, `description`, `area`, `bedrooms`, `bathrooms`, `garage_spaces`, `accepts_pet`, `furnished`, `rent_value`, `condominium_fee`, `iptu_value`, `photo_base64`, `status`, `created_at`) VALUES ('73', '50', 'STUDIO', 'dpky', 'Davis Shores', 8762, 'Suite 896', 'Abshire Drives', 'South Princess', 'So', 'ES', 'Sed exercitationem voluptatem aut illo molestias aliquid et. Odit recusandae et voluptatem sunt sequi animi. Quae et quisquam iste quia.', 100, 9, 2, 7, 1, 1, '1815.55', '3018.29', '5209.41', 'NULL', 'REJECTED', '2023-10-28 04:15:46');
INSERT INTO `property` (`id`, `user_id`, `type`, `zip_code`, `street`, `number`, `complement`, `neighborhood`, `city`, `state`, `country`, `description`, `area`, `bedrooms`, `bathrooms`, `garage_spaces`, `accepts_pet`, `furnished`, `rent_value`, `condominium_fee`, `iptu_value`, `photo_base64`, `status`, `created_at`) VALUES ('74', '17', 'APARTMENT', 'gmda', 'Mitchell Mews', 285, 'Suite 554', 'Durgan Lakes', 'Kuphalshire', 'Mi', 'IT', 'Sapiente sit nostrum distinctio distinctio vel. Molestiae et est mollitia quod. Explicabo numquam quo ullam saepe consequatur.', 74, 2, 0, 3, 1, 1, '3851.77', '7641.87', '1472.13', 'NULL', 'PENDING_APPROVAL', '2023-01-04 03:56:03');
INSERT INTO `property` (`id`, `user_id`, `type`, `zip_code`, `street`, `number`, `complement`, `neighborhood`, `city`, `state`, `country`, `description`, `area`, `bedrooms`, `bathrooms`, `garage_spaces`, `accepts_pet`, `furnished`, `rent_value`, `condominium_fee`, `iptu_value`, `photo_base64`, `status`, `created_at`) VALUES ('75', '14', 'HOUSE', 'oqoi', 'Bogisich Crossing', 4618, 'Suite 315', 'Fisher Union', 'East Dorisburgh', 'Ok', 'ES', 'Temporibus officia enim est magni. Quis illum cumque voluptatem praesentium maiores culpa aut aspernatur. Asperiores qui non incidunt aut. Dicta est rem maiores non. Occaecati et magni ullam sapiente quas architecto natus voluptas.', 324, 7, 3, 5, 1, 1, '9362.69', '2401.15', '5460.66', 'NULL', 'APPROVED', '2023-07-27 01:38:07');
INSERT INTO `property` (`id`, `user_id`, `type`, `zip_code`, `street`, `number`, `complement`, `neighborhood`, `city`, `state`, `country`, `description`, `area`, `bedrooms`, `bathrooms`, `garage_spaces`, `accepts_pet`, `furnished`, `rent_value`, `condominium_fee`, `iptu_value`, `photo_base64`, `status`, `created_at`) VALUES ('76', '4', 'STUDIO', 'cmvs', 'Pacocha Islands', 848, 'Suite 472', 'Nona Knoll', 'Kaitlinmouth', 'Mi', 'GB', 'Sint fugit maiores illo nostrum. Totam placeat perspiciatis quo temporibus dolores. Fuga fuga perferendis voluptatem quae nobis at tenetur.', 39, 7, 7, 6, 0, 1, '9808.38', '6430.02', '8789.61', 'NULL', 'REJECTED', '2023-01-11 04:55:20');
INSERT INTO `property` (`id`, `user_id`, `type`, `zip_code`, `street`, `number`, `complement`, `neighborhood`, `city`, `state`, `country`, `description`, `area`, `bedrooms`, `bathrooms`, `garage_spaces`, `accepts_pet`, `furnished`, `rent_value`, `condominium_fee`, `iptu_value`, `photo_base64`, `status`, `created_at`) VALUES ('77', '15', 'APARTMENT', 'nffd', 'Marco Vista', 72, 'Apt. 336', 'Landen Squares', 'East Alfred', 'So', 'GB', 'Beatae ut facilis sint eaque ut provident ab. Aut voluptas qui eaque quia modi voluptatem. Saepe sint commodi ut non.', 82, 3, 0, 7, 1, 0, '7221.91', '345.66', '2044.63', 'NULL', 'REJECTED', '2023-05-13 22:32:54');
INSERT INTO `property` (`id`, `user_id`, `type`, `zip_code`, `street`, `number`, `complement`, `neighborhood`, `city`, `state`, `country`, `description`, `area`, `bedrooms`, `bathrooms`, `garage_spaces`, `accepts_pet`, `furnished`, `rent_value`, `condominium_fee`, `iptu_value`, `photo_base64`, `status`, `created_at`) VALUES ('78', '30', 'APARTMENT', 'ujqu', 'Dewitt Parks', 72932, 'Apt. 770', 'Maxie Crest', 'Rebekahtown', 'Id', 'MX', 'In voluptas perspiciatis autem voluptate non deleniti. Sed magnam voluptatem dolorum expedita. Ut saepe vero nulla quam quos quo reiciendis. Iusto dolor qui maiores.', 43, 9, 4, 2, 0, 0, '1418.95', '5881.17', '4047.73', 'NULL', 'APPROVED', '2023-08-27 03:51:29');
INSERT INTO `property` (`id`, `user_id`, `type`, `zip_code`, `street`, `number`, `complement`, `neighborhood`, `city`, `state`, `country`, `description`, `area`, `bedrooms`, `bathrooms`, `garage_spaces`, `accepts_pet`, `furnished`, `rent_value`, `condominium_fee`, `iptu_value`, `photo_base64`, `status`, `created_at`) VALUES ('79', '25', 'HOUSE', 'quuk', 'Jeramy Terrace', 871, 'Suite 363', 'Nestor Orchard', 'West Vallieborough', 'Ge', 'DE', 'Nam tempora et consectetur vel ratione. Iusto officiis est eum iste cumque possimus. Enim nostrum ut nemo cumque sit quia voluptatem. Nesciunt saepe velit in nostrum. Dolorem qui ut numquam inventore natus reprehenderit veniam.', 91, 0, 8, 2, 0, 1, '9840.93', '1383.81', '8215.54', 'NULL', 'APPROVED', '2022-12-04 02:17:20');
INSERT INTO `property` (`id`, `user_id`, `type`, `zip_code`, `street`, `number`, `complement`, `neighborhood`, `city`, `state`, `country`, `description`, `area`, `bedrooms`, `bathrooms`, `garage_spaces`, `accepts_pet`, `furnished`, `rent_value`, `condominium_fee`, `iptu_value`, `photo_base64`, `status`, `created_at`) VALUES ('80', '45', 'HOUSE', 'fuzs', 'Cleve Path', 2783, 'Suite 289', 'Kshlerin Mews', 'East Louie', 'So', 'RU', 'Assumenda accusantium ut impedit numquam. Culpa nulla voluptas aspernatur et enim.', 113, 3, 0, 3, 1, 0, '9451.85', '1830.00', '1462.95', 'NULL', 'APPROVED', '2023-07-09 19:09:49');
INSERT INTO `property` (`id`, `user_id`, `type`, `zip_code`, `street`, `number`, `complement`, `neighborhood`, `city`, `state`, `country`, `description`, `area`, `bedrooms`, `bathrooms`, `garage_spaces`, `accepts_pet`, `furnished`, `rent_value`, `condominium_fee`, `iptu_value`, `photo_base64`, `status`, `created_at`) VALUES ('81', '30', 'APARTMENT', 'rrvb', 'Streich Islands', 907, 'Apt. 772', 'Zoey Fords', 'North Dewitt', 'Ma', 'CN', 'Animi sit reiciendis distinctio. Sapiente quod accusamus temporibus eius beatae beatae. Neque eius hic quibusdam enim blanditiis maiores.', 30, 8, 5, 0, 1, 1, '9635.90', '6234.32', '2786.00', 'NULL', 'APPROVED', '2022-12-24 22:28:06');
INSERT INTO `property` (`id`, `user_id`, `type`, `zip_code`, `street`, `number`, `complement`, `neighborhood`, `city`, `state`, `country`, `description`, `area`, `bedrooms`, `bathrooms`, `garage_spaces`, `accepts_pet`, `furnished`, `rent_value`, `condominium_fee`, `iptu_value`, `photo_base64`, `status`, `created_at`) VALUES ('82', '44', 'HOUSE', 'ufio', 'Jaskolski Course', 426, 'Apt. 634', 'Raven Canyon', 'Wilbertland', 'Di', 'FR', 'Ut repellat recusandae ut aspernatur consequatur eum dolorum. Et voluptates itaque ut incidunt. Voluptas iure architecto molestias ex omnis non atque. Ipsam velit ipsam autem et et quos sit laborum. Voluptatum ab suscipit voluptatem nihil quasi occaecati.', 254, 7, 4, 6, 0, 0, '256.87', '7979.75', '796.07', 'NULL', 'PENDING_APPROVAL', '2023-07-18 08:02:33');
INSERT INTO `property` (`id`, `user_id`, `type`, `zip_code`, `street`, `number`, `complement`, `neighborhood`, `city`, `state`, `country`, `description`, `area`, `bedrooms`, `bathrooms`, `garage_spaces`, `accepts_pet`, `furnished`, `rent_value`, `condominium_fee`, `iptu_value`, `photo_base64`, `status`, `created_at`) VALUES ('83', '6', 'STUDIO', 'mjeb', 'Eugene Key', 906, 'Suite 119', 'Emilia Heights', 'Schillertown', 'Ne', 'IN', 'Omnis qui possimus inventore vel minima voluptatem veritatis. Maiores et quia unde ut impedit architecto. Nihil reprehenderit eligendi quae debitis. Ipsum omnis aspernatur rem qui tempore quos hic.', 59, 4, 1, 5, 0, 1, '5453.50', '9495.47', '3013.59', 'NULL', 'REJECTED', '2023-11-18 01:56:54');
INSERT INTO `property` (`id`, `user_id`, `type`, `zip_code`, `street`, `number`, `complement`, `neighborhood`, `city`, `state`, `country`, `description`, `area`, `bedrooms`, `bathrooms`, `garage_spaces`, `accepts_pet`, `furnished`, `rent_value`, `condominium_fee`, `iptu_value`, `photo_base64`, `status`, `created_at`) VALUES ('84', '19', 'APARTMENT', 'nhvc', 'Ankunding Ways', 470, 'Suite 631', 'Mark Knolls', 'Dasiaberg', 'We', 'FR', 'Quia est sed voluptatem omnis sint. Autem sed ipsum ut sunt quas. Veniam voluptatibus in facere illo natus eligendi. Sunt et dignissimos illum et aut sed repudiandae sed.', 100, 2, 2, 9, 0, 1, '3300.87', '6996.47', '6966.57', 'NULL', 'REJECTED', '2023-09-17 16:41:04');
INSERT INTO `property` (`id`, `user_id`, `type`, `zip_code`, `street`, `number`, `complement`, `neighborhood`, `city`, `state`, `country`, `description`, `area`, `bedrooms`, `bathrooms`, `garage_spaces`, `accepts_pet`, `furnished`, `rent_value`, `condominium_fee`, `iptu_value`, `photo_base64`, `status`, `created_at`) VALUES ('85', '23', 'APARTMENT', 'wece', 'Carrie Falls', 88576, 'Suite 434', 'Alexis Springs', 'Mooreborough', 'Wy', 'RU', 'Officia autem provident enim et. Sunt recusandae velit doloremque culpa dolorem quis. Perspiciatis dolores porro sunt atque. Debitis nisi aspernatur sunt neque nesciunt voluptate.', 26, 7, 7, 0, 1, 1, '5532.74', '2310.33', '7045.64', 'NULL', 'REJECTED', '2023-04-22 01:43:37');
INSERT INTO `property` (`id`, `user_id`, `type`, `zip_code`, `street`, `number`, `complement`, `neighborhood`, `city`, `state`, `country`, `description`, `area`, `bedrooms`, `bathrooms`, `garage_spaces`, `accepts_pet`, `furnished`, `rent_value`, `condominium_fee`, `iptu_value`, `photo_base64`, `status`, `created_at`) VALUES ('86', '17', 'HOUSE', 'qgob', 'Kub Haven', 5167, 'Apt. 871', 'Collins Villages', 'Port Francescamouth', 'Fl', 'IT', 'Error tenetur voluptatem quam perspiciatis quaerat. Vitae eos molestiae sit voluptatibus. Autem iusto mollitia et accusamus eum quibusdam.', 322, 5, 8, 4, 1, 1, '3634.14', '3114.89', '3153.07', 'NULL', 'APPROVED', '2023-10-04 03:34:17');
INSERT INTO `property` (`id`, `user_id`, `type`, `zip_code`, `street`, `number`, `complement`, `neighborhood`, `city`, `state`, `country`, `description`, `area`, `bedrooms`, `bathrooms`, `garage_spaces`, `accepts_pet`, `furnished`, `rent_value`, `condominium_fee`, `iptu_value`, `photo_base64`, `status`, `created_at`) VALUES ('87', '23', 'STUDIO', 'ztwu', 'Howe Islands', 92389, 'Apt. 681', 'Andrew Ways', 'New Benjaminport', 'Ar', 'DE', 'Autem velit omnis voluptate tenetur eveniet sit. Fuga eum ea minus facilis natus alias ut. Nihil et vitae laborum dolores.', 68, 7, 0, 1, 1, 0, '2987.13', '7532.16', '7516.72', 'NULL', 'REJECTED', '2023-04-15 23:32:59');
INSERT INTO `property` (`id`, `user_id`, `type`, `zip_code`, `street`, `number`, `complement`, `neighborhood`, `city`, `state`, `country`, `description`, `area`, `bedrooms`, `bathrooms`, `garage_spaces`, `accepts_pet`, `furnished`, `rent_value`, `condominium_fee`, `iptu_value`, `photo_base64`, `status`, `created_at`) VALUES ('88', '40', 'HOUSE', 'jwrs', 'Thompson Junction', 6837, 'Apt. 942', 'Harber Mills', 'Dickinsonbury', 'Te', 'IN', 'Dolorum totam dicta aut est. Quidem maiores qui optio. Qui provident distinctio consequatur aut. Dignissimos perferendis earum nostrum aut nulla necessitatibus.', 78, 3, 8, 4, 1, 0, '9943.46', '7889.88', '2358.92', 'NULL', 'REJECTED', '2023-03-25 01:08:37');
INSERT INTO `property` (`id`, `user_id`, `type`, `zip_code`, `street`, `number`, `complement`, `neighborhood`, `city`, `state`, `country`, `description`, `area`, `bedrooms`, `bathrooms`, `garage_spaces`, `accepts_pet`, `furnished`, `rent_value`, `condominium_fee`, `iptu_value`, `photo_base64`, `status`, `created_at`) VALUES ('89', '28', 'APARTMENT', 'vgbf', 'Shanny Park', 100, 'Apt. 412', 'Lance Circles', 'Graciemouth', 'Ka', 'ES', 'Eaque minima corrupti quas aut vero in dignissimos. Qui tenetur vel officia commodi. Facere quos reiciendis possimus laudantium commodi quaerat.', 148, 3, 3, 6, 0, 1, '5323.58', '274.36', '1019.87', 'NULL', 'APPROVED', '2023-02-15 21:53:56');
INSERT INTO `property` (`id`, `user_id`, `type`, `zip_code`, `street`, `number`, `complement`, `neighborhood`, `city`, `state`, `country`, `description`, `area`, `bedrooms`, `bathrooms`, `garage_spaces`, `accepts_pet`, `furnished`, `rent_value`, `condominium_fee`, `iptu_value`, `photo_base64`, `status`, `created_at`) VALUES ('90', '48', 'HOUSE', 'zupf', 'Ara Fork', 901, 'Apt. 854', 'Alex Common', 'North Vince', 'No', 'CA', 'Quod recusandae dicta aut enim qui saepe. Fugit harum unde reprehenderit nesciunt. Eos sequi ut fuga itaque quisquam. Eos et ea placeat eos accusamus dolore.', 31, 4, 7, 1, 0, 0, '3128.97', '7583.47', '2039.78', 'NULL', 'PENDING_APPROVAL', '2023-02-20 01:36:55');
INSERT INTO `property` (`id`, `user_id`, `type`, `zip_code`, `street`, `number`, `complement`, `neighborhood`, `city`, `state`, `country`, `description`, `area`, `bedrooms`, `bathrooms`, `garage_spaces`, `accepts_pet`, `furnished`, `rent_value`, `condominium_fee`, `iptu_value`, `photo_base64`, `status`, `created_at`) VALUES ('91', '23', 'APARTMENT', 'nqoh', 'Garland Knoll', 262, 'Suite 591', 'Mabelle Course', 'Lake Louveniaville', 'Al', 'US', 'Itaque ipsa sit et vero. Tempore qui voluptatem magni sed doloribus. Enim nihil architecto quas molestiae similique soluta adipisci assumenda. Possimus aut in et nisi dolor.', 49, 4, 2, 8, 0, 1, '3646.70', '7159.52', '7930.36', 'NULL', 'REJECTED', '2023-02-08 00:29:59');
INSERT INTO `property` (`id`, `user_id`, `type`, `zip_code`, `street`, `number`, `complement`, `neighborhood`, `city`, `state`, `country`, `description`, `area`, `bedrooms`, `bathrooms`, `garage_spaces`, `accepts_pet`, `furnished`, `rent_value`, `condominium_fee`, `iptu_value`, `photo_base64`, `status`, `created_at`) VALUES ('92', '45', 'APARTMENT', 'hmru', 'Drake Cliff', 9676, 'Apt. 701', 'Lilla Roads', 'New Dannie', 'Te', 'RU', 'Culpa aut eum est est et qui. Fugit pariatur neque tempora laborum odio ad optio. Id sit molestias ipsam omnis tempora aliquam facere. Soluta doloremque nam accusamus beatae et sed.', 338, 9, 7, 9, 0, 1, '3823.52', '9409.17', '7019.77', 'NULL', 'APPROVED', '2023-08-22 01:29:22');
INSERT INTO `property` (`id`, `user_id`, `type`, `zip_code`, `street`, `number`, `complement`, `neighborhood`, `city`, `state`, `country`, `description`, `area`, `bedrooms`, `bathrooms`, `garage_spaces`, `accepts_pet`, `furnished`, `rent_value`, `condominium_fee`, `iptu_value`, `photo_base64`, `status`, `created_at`) VALUES ('93', '18', 'STUDIO', 'hdow', 'Baumbach Plains', 998, 'Apt. 913', 'Joanne Isle', 'Jacobston', 'Wy', 'IT', 'Provident autem aut sed ipsum. Consequuntur aspernatur consectetur qui dignissimos praesentium. Consequatur recusandae in deserunt cumque enim.', 350, 5, 9, 0, 0, 0, '5517.36', '4634.85', '5202.42', 'NULL', 'REJECTED', '2023-01-14 16:48:07');
INSERT INTO `property` (`id`, `user_id`, `type`, `zip_code`, `street`, `number`, `complement`, `neighborhood`, `city`, `state`, `country`, `description`, `area`, `bedrooms`, `bathrooms`, `garage_spaces`, `accepts_pet`, `furnished`, `rent_value`, `condominium_fee`, `iptu_value`, `photo_base64`, `status`, `created_at`) VALUES ('94', '7', 'STUDIO', 'tevd', 'Altenwerth Shore', 184, 'Suite 543', 'Kihn Fields', 'Ceceliafort', 'Co', 'RU', 'Dolorem consequatur consequatur asperiores qui sed itaque voluptatum. Omnis inventore voluptatem autem voluptas dolor nostrum. Libero ipsam soluta quos qui dolorem.', 206, 0, 3, 7, 0, 0, '4592.91', '2353.01', '8221.79', 'NULL', 'PENDING_APPROVAL', '2023-05-04 06:51:36');
INSERT INTO `property` (`id`, `user_id`, `type`, `zip_code`, `street`, `number`, `complement`, `neighborhood`, `city`, `state`, `country`, `description`, `area`, `bedrooms`, `bathrooms`, `garage_spaces`, `accepts_pet`, `furnished`, `rent_value`, `condominium_fee`, `iptu_value`, `photo_base64`, `status`, `created_at`) VALUES ('95', '49', 'APARTMENT', 'bpbd', 'Bosco Plaza', 82556, 'Apt. 428', 'Nolan Cape', 'Beckerside', 'Al', 'RU', 'Ea mollitia iure doloribus placeat. Dolor iusto ipsum deleniti nemo voluptates et asperiores. Aut omnis voluptates voluptas ut. Eum consequuntur provident accusamus repellat dolor qui.', 284, 5, 1, 8, 0, 0, '2917.69', '6138.39', '4427.10', 'NULL', 'APPROVED', '2023-04-24 19:13:18');
INSERT INTO `property` (`id`, `user_id`, `type`, `zip_code`, `street`, `number`, `complement`, `neighborhood`, `city`, `state`, `country`, `description`, `area`, `bedrooms`, `bathrooms`, `garage_spaces`, `accepts_pet`, `furnished`, `rent_value`, `condominium_fee`, `iptu_value`, `photo_base64`, `status`, `created_at`) VALUES ('96', '9', 'HOUSE', 'uvhk', 'Vandervort Stravenue', 699, 'Apt. 673', 'Parker Points', 'Altenwerthside', 'Ne', 'PT', 'Velit deleniti modi dolor suscipit est. Aliquam voluptas nisi et voluptate adipisci inventore. Vel sed facere dolores quia impedit. Officiis voluptates modi beatae laborum aspernatur molestiae excepturi.', 301, 9, 4, 6, 1, 0, '2363.70', '7768.63', '6251.17', 'NULL', 'REJECTED', '2023-07-10 03:36:57');
INSERT INTO `property` (`id`, `user_id`, `type`, `zip_code`, `street`, `number`, `complement`, `neighborhood`, `city`, `state`, `country`, `description`, `area`, `bedrooms`, `bathrooms`, `garage_spaces`, `accepts_pet`, `furnished`, `rent_value`, `condominium_fee`, `iptu_value`, `photo_base64`, `status`, `created_at`) VALUES ('97', '31', 'STUDIO', 'uihr', 'Neal Mall', 53593, 'Apt. 178', 'Katelynn Turnpike', 'Raehaven', 'Ke', 'DE', 'Reiciendis et consequatur et. Assumenda ab in quis corrupti asperiores. Omnis illum voluptas ea et voluptates qui porro sequi. Ut ad magnam dolorem tempore doloremque itaque voluptates.', 29, 6, 8, 8, 0, 1, '8578.73', '5068.64', '2202.43', 'NULL', 'REJECTED', '2023-11-19 13:09:58');
INSERT INTO `property` (`id`, `user_id`, `type`, `zip_code`, `street`, `number`, `complement`, `neighborhood`, `city`, `state`, `country`, `description`, `area`, `bedrooms`, `bathrooms`, `garage_spaces`, `accepts_pet`, `furnished`, `rent_value`, `condominium_fee`, `iptu_value`, `photo_base64`, `status`, `created_at`) VALUES ('98', '40', 'APARTMENT', 'llaz', 'Beahan Summit', 40699, 'Suite 860', 'Lemke Glens', 'Emmiebury', 'Rh', 'CA', 'Molestiae sint dolor in repudiandae dicta aliquid unde. Quia unde laborum ut. Et placeat praesentium maxime facere.', 395, 9, 0, 6, 0, 1, '3092.26', '5217.01', '1391.30', 'NULL', 'REJECTED', '2023-10-03 17:52:40');
INSERT INTO `property` (`id`, `user_id`, `type`, `zip_code`, `street`, `number`, `complement`, `neighborhood`, `city`, `state`, `country`, `description`, `area`, `bedrooms`, `bathrooms`, `garage_spaces`, `accepts_pet`, `furnished`, `rent_value`, `condominium_fee`, `iptu_value`, `photo_base64`, `status`, `created_at`) VALUES ('99', '1', 'APARTMENT', 'psou', 'Daniel Place', 13582, 'Suite 689', 'Kris Bypass', 'South Cassie', 'No', 'US', 'Magni repellat vitae fugiat voluptas dolores laudantium atque. Adipisci neque est quibusdam nostrum quae nulla vero.', 168, 1, 3, 8, 1, 0, '6861.45', '200.76', '7104.24', 'NULL', 'PENDING_APPROVAL', '2023-06-03 17:00:05');
INSERT INTO `property` (`id`, `user_id`, `type`, `zip_code`, `street`, `number`, `complement`, `neighborhood`, `city`, `state`, `country`, `description`, `area`, `bedrooms`, `bathrooms`, `garage_spaces`, `accepts_pet`, `furnished`, `rent_value`, `condominium_fee`, `iptu_value`, `photo_base64`, `status`, `created_at`) VALUES ('100', '36', 'APARTMENT', 'sjom', 'Lowe Forge', 926, 'Suite 161', 'Issac Manor', 'Hayesstad', 'Id', 'CA', 'At non unde qui dolor aut. Est porro deserunt consectetur earum est repellat. Nulla placeat est dignissimos voluptate expedita optio saepe ut.', 77, 9, 2, 3, 0, 1, '173.81', '3936.33', '6827.77', 'NULL', 'PENDING_APPROVAL', '2023-10-01 17:14:41');

INSERT INTO `visit` (`id`, `property_id`, `user_id`, `datetime`, `carried_out`, `visit_rating`, `property_rating`, `comments`, `created_at`) VALUES ('1', '28', '10', '1986-05-20 03:36:38', 0, 9, 2, 'Consequatur harum consequatur sed exercitationem quod quia illum.', '2023-05-26 14:02:16');
INSERT INTO `visit` (`id`, `property_id`, `user_id`, `datetime`, `carried_out`, `visit_rating`, `property_rating`, `comments`, `created_at`) VALUES ('2', '66', '16', '2000-03-19 21:41:23', 0, 6, 1, 'Corporis sunt perferendis velit dolorem.', '2023-04-22 12:04:53');
INSERT INTO `visit` (`id`, `property_id`, `user_id`, `datetime`, `carried_out`, `visit_rating`, `property_rating`, `comments`, `created_at`) VALUES ('3', '22', '36', '2001-05-10 08:25:07', 0, 5, 4, 'Sit architecto quod temporibus sint.', '2023-05-08 02:26:22');
INSERT INTO `visit` (`id`, `property_id`, `user_id`, `datetime`, `carried_out`, `visit_rating`, `property_rating`, `comments`, `created_at`) VALUES ('4', '46', '9', '2019-10-10 21:51:14', 1, 2, 3, 'At aut nisi dolor ut voluptas.', '2023-07-15 10:01:43');
INSERT INTO `visit` (`id`, `property_id`, `user_id`, `datetime`, `carried_out`, `visit_rating`, `property_rating`, `comments`, `created_at`) VALUES ('5', '6', '45', '1979-11-18 22:19:08', 0, 5, 8, 'Beatae alias dolorem libero ut velit laboriosam.', '2023-01-16 07:04:13');
INSERT INTO `visit` (`id`, `property_id`, `user_id`, `datetime`, `carried_out`, `visit_rating`, `property_rating`, `comments`, `created_at`) VALUES ('6', '94', '2', '2006-08-02 05:12:52', 1, 3, 4, 'Adipisci est vero ratione.', '2023-03-16 01:20:53');
INSERT INTO `visit` (`id`, `property_id`, `user_id`, `datetime`, `carried_out`, `visit_rating`, `property_rating`, `comments`, `created_at`) VALUES ('7', '95', '18', '1990-11-28 04:05:17', 1, 7, 9, 'Doloremque consequatur adipisci ullam eius eveniet consequuntur.', '2023-04-17 18:48:02');
INSERT INTO `visit` (`id`, `property_id`, `user_id`, `datetime`, `carried_out`, `visit_rating`, `property_rating`, `comments`, `created_at`) VALUES ('8', '53', '39', '1991-09-04 12:27:23', 1, 7, 3, 'Aut ipsum cum velit tenetur necessitatibus natus eos.', '2023-02-11 17:18:10');
INSERT INTO `visit` (`id`, `property_id`, `user_id`, `datetime`, `carried_out`, `visit_rating`, `property_rating`, `comments`, `created_at`) VALUES ('9', '36', '30', '1970-10-07 04:54:11', 0, 0, 3, 'Nemo numquam quo quis aut perferendis quis.', '2022-12-18 05:13:12');
INSERT INTO `visit` (`id`, `property_id`, `user_id`, `datetime`, `carried_out`, `visit_rating`, `property_rating`, `comments`, `created_at`) VALUES ('10', '2', '5', '1977-02-10 19:17:15', 1, 1, 5, 'Nihil nihil reiciendis et voluptatem.', '2023-08-13 15:34:26');
INSERT INTO `visit` (`id`, `property_id`, `user_id`, `datetime`, `carried_out`, `visit_rating`, `property_rating`, `comments`, `created_at`) VALUES ('11', '38', '32', '1985-03-09 15:30:32', 1, 9, 3, 'Ut aperiam et quis id.', '2023-11-11 15:04:17');
INSERT INTO `visit` (`id`, `property_id`, `user_id`, `datetime`, `carried_out`, `visit_rating`, `property_rating`, `comments`, `created_at`) VALUES ('12', '43', '43', '1992-01-27 05:44:42', 1, 2, 9, 'Inventore ea magni natus voluptatem unde.', '2023-05-06 22:23:10');
INSERT INTO `visit` (`id`, `property_id`, `user_id`, `datetime`, `carried_out`, `visit_rating`, `property_rating`, `comments`, `created_at`) VALUES ('13', '12', '42', '1987-04-08 05:28:16', 0, 6, 4, 'Beatae possimus minima dolores culpa.', '2023-01-11 10:06:13');
INSERT INTO `visit` (`id`, `property_id`, `user_id`, `datetime`, `carried_out`, `visit_rating`, `property_rating`, `comments`, `created_at`) VALUES ('14', '22', '47', '1992-01-18 13:16:50', 1, 7, 7, 'Nobis similique magnam et veniam voluptate officia blanditiis.', '2023-04-07 04:43:40');
INSERT INTO `visit` (`id`, `property_id`, `user_id`, `datetime`, `carried_out`, `visit_rating`, `property_rating`, `comments`, `created_at`) VALUES ('15', '7', '2', '2007-08-09 01:50:05', 0, 0, 4, 'Fugiat et voluptas nesciunt libero commodi natus.', '2023-02-03 05:30:49');
INSERT INTO `visit` (`id`, `property_id`, `user_id`, `datetime`, `carried_out`, `visit_rating`, `property_rating`, `comments`, `created_at`) VALUES ('16', '38', '27', '2012-09-13 01:56:44', 1, 4, 4, 'Repellat enim aperiam voluptas eius.', '2023-01-13 19:30:56');
INSERT INTO `visit` (`id`, `property_id`, `user_id`, `datetime`, `carried_out`, `visit_rating`, `property_rating`, `comments`, `created_at`) VALUES ('17', '68', '24', '2020-04-12 04:17:54', 0, 6, 1, 'Temporibus ut ad aut quo similique.', '2023-10-18 04:45:38');
INSERT INTO `visit` (`id`, `property_id`, `user_id`, `datetime`, `carried_out`, `visit_rating`, `property_rating`, `comments`, `created_at`) VALUES ('18', '83', '28', '2017-12-18 12:30:55', 1, 7, 2, 'Eveniet enim repudiandae quis recusandae tempora dolorem illo.', '2023-11-14 21:44:25');
INSERT INTO `visit` (`id`, `property_id`, `user_id`, `datetime`, `carried_out`, `visit_rating`, `property_rating`, `comments`, `created_at`) VALUES ('19', '87', '48', '1974-11-05 09:46:22', 0, 4, 0, 'Odit aliquid dolores quas.', '2023-10-28 13:37:35');
INSERT INTO `visit` (`id`, `property_id`, `user_id`, `datetime`, `carried_out`, `visit_rating`, `property_rating`, `comments`, `created_at`) VALUES ('20', '85', '7', '1978-06-29 22:02:02', 0, 7, 8, 'Iste qui perferendis voluptatem ut consequatur nam.', '2023-11-01 09:52:59');
INSERT INTO `visit` (`id`, `property_id`, `user_id`, `datetime`, `carried_out`, `visit_rating`, `property_rating`, `comments`, `created_at`) VALUES ('21', '12', '12', '2009-06-22 13:28:56', 0, 1, 0, 'In minima ut pariatur sunt repellat.', '2023-08-29 09:11:16');
INSERT INTO `visit` (`id`, `property_id`, `user_id`, `datetime`, `carried_out`, `visit_rating`, `property_rating`, `comments`, `created_at`) VALUES ('22', '45', '5', '2005-11-30 07:57:06', 1, 9, 1, 'Accusamus et mollitia reprehenderit quo itaque voluptatem placeat.', '2023-05-27 19:21:22');
INSERT INTO `visit` (`id`, `property_id`, `user_id`, `datetime`, `carried_out`, `visit_rating`, `property_rating`, `comments`, `created_at`) VALUES ('23', '94', '2', '1999-02-13 18:36:18', 1, 8, 8, 'Tempore sint amet et.', '2023-10-20 18:36:28');
INSERT INTO `visit` (`id`, `property_id`, `user_id`, `datetime`, `carried_out`, `visit_rating`, `property_rating`, `comments`, `created_at`) VALUES ('24', '21', '34', '2011-05-02 15:57:01', 1, 9, 8, 'Saepe ut corporis quo ullam.', '2023-01-21 08:39:40');
INSERT INTO `visit` (`id`, `property_id`, `user_id`, `datetime`, `carried_out`, `visit_rating`, `property_rating`, `comments`, `created_at`) VALUES ('25', '32', '18', '1999-03-31 07:48:54', 1, 3, 3, 'Nihil assumenda labore qui adipisci qui repellat aperiam.', '2023-06-20 04:08:51');
INSERT INTO `visit` (`id`, `property_id`, `user_id`, `datetime`, `carried_out`, `visit_rating`, `property_rating`, `comments`, `created_at`) VALUES ('26', '19', '46', '1988-06-16 00:28:25', 1, 1, 6, 'Eum laboriosam non quibusdam similique.', '2023-02-01 12:02:30');
INSERT INTO `visit` (`id`, `property_id`, `user_id`, `datetime`, `carried_out`, `visit_rating`, `property_rating`, `comments`, `created_at`) VALUES ('27', '48', '33', '2012-09-26 22:54:19', 0, 6, 7, 'Ab eum rem repellendus libero ut sed architecto.', '2023-10-15 07:24:02');
INSERT INTO `visit` (`id`, `property_id`, `user_id`, `datetime`, `carried_out`, `visit_rating`, `property_rating`, `comments`, `created_at`) VALUES ('28', '20', '16', '1981-12-31 22:37:10', 0, 6, 1, 'Ad hic vero quasi sit eligendi aut expedita.', '2023-01-02 16:40:00');
INSERT INTO `visit` (`id`, `property_id`, `user_id`, `datetime`, `carried_out`, `visit_rating`, `property_rating`, `comments`, `created_at`) VALUES ('29', '61', '6', '1984-05-20 13:32:43', 0, 0, 0, 'Corrupti ut quae ipsa quaerat.', '2023-08-08 01:27:51');
INSERT INTO `visit` (`id`, `property_id`, `user_id`, `datetime`, `carried_out`, `visit_rating`, `property_rating`, `comments`, `created_at`) VALUES ('30', '88', '41', '1987-09-11 19:28:32', 1, 6, 9, 'Consequuntur fugit doloremque asperiores facere quae.', '2023-06-14 20:37:09');
INSERT INTO `visit` (`id`, `property_id`, `user_id`, `datetime`, `carried_out`, `visit_rating`, `property_rating`, `comments`, `created_at`) VALUES ('31', '71', '17', '1995-01-06 14:45:04', 0, 3, 4, 'Iste ex ipsam rerum est dolores voluptas.', '2023-01-17 19:48:23');
INSERT INTO `visit` (`id`, `property_id`, `user_id`, `datetime`, `carried_out`, `visit_rating`, `property_rating`, `comments`, `created_at`) VALUES ('32', '41', '34', '1991-11-01 17:30:01', 0, 6, 6, 'Atque inventore explicabo vero placeat necessitatibus esse.', '2023-11-14 02:18:41');
INSERT INTO `visit` (`id`, `property_id`, `user_id`, `datetime`, `carried_out`, `visit_rating`, `property_rating`, `comments`, `created_at`) VALUES ('33', '49', '15', '2007-06-08 02:38:28', 0, 5, 8, 'Facilis aspernatur quia illo ut.', '2022-11-29 23:48:42');
INSERT INTO `visit` (`id`, `property_id`, `user_id`, `datetime`, `carried_out`, `visit_rating`, `property_rating`, `comments`, `created_at`) VALUES ('34', '99', '14', '2018-02-28 00:09:41', 0, 2, 9, 'Quibusdam et delectus voluptatem ea debitis impedit totam necessitatibus.', '2023-05-27 15:10:48');
INSERT INTO `visit` (`id`, `property_id`, `user_id`, `datetime`, `carried_out`, `visit_rating`, `property_rating`, `comments`, `created_at`) VALUES ('35', '54', '16', '1993-02-05 13:53:05', 1, 8, 5, 'Omnis at et voluptatem maiores est.', '2023-09-25 20:24:51');
INSERT INTO `visit` (`id`, `property_id`, `user_id`, `datetime`, `carried_out`, `visit_rating`, `property_rating`, `comments`, `created_at`) VALUES ('36', '9', '20', '2020-12-25 06:54:43', 1, 5, 3, 'Accusantium consequatur laborum voluptates nulla dolorum necessitatibus perferendis.', '2023-01-14 07:54:50');
INSERT INTO `visit` (`id`, `property_id`, `user_id`, `datetime`, `carried_out`, `visit_rating`, `property_rating`, `comments`, `created_at`) VALUES ('37', '49', '27', '2016-04-15 13:59:13', 1, 9, 5, 'Maxime ullam ut rerum.', '2023-02-14 15:45:06');
INSERT INTO `visit` (`id`, `property_id`, `user_id`, `datetime`, `carried_out`, `visit_rating`, `property_rating`, `comments`, `created_at`) VALUES ('38', '30', '11', '2005-03-10 15:09:17', 1, 8, 0, 'Modi a omnis et soluta totam ipsa.', '2023-08-05 18:45:26');
INSERT INTO `visit` (`id`, `property_id`, `user_id`, `datetime`, `carried_out`, `visit_rating`, `property_rating`, `comments`, `created_at`) VALUES ('39', '52', '1', '1982-08-30 21:59:10', 0, 0, 7, 'Incidunt aut ad enim similique et quo architecto.', '2023-04-11 15:37:35');
INSERT INTO `visit` (`id`, `property_id`, `user_id`, `datetime`, `carried_out`, `visit_rating`, `property_rating`, `comments`, `created_at`) VALUES ('40', '46', '42', '1993-09-20 09:27:08', 0, 4, 2, 'Voluptatem qui non explicabo eos.', '2023-07-10 13:21:32');
INSERT INTO `visit` (`id`, `property_id`, `user_id`, `datetime`, `carried_out`, `visit_rating`, `property_rating`, `comments`, `created_at`) VALUES ('41', '6', '31', '1984-04-23 09:30:55', 1, 9, 0, 'Quo ut in quae consequuntur earum.', '2023-03-16 03:58:43');
INSERT INTO `visit` (`id`, `property_id`, `user_id`, `datetime`, `carried_out`, `visit_rating`, `property_rating`, `comments`, `created_at`) VALUES ('42', '3', '7', '1987-09-10 06:17:11', 1, 7, 5, 'Qui dolorem possimus consectetur veritatis nihil eligendi.', '2023-08-04 21:18:37');
INSERT INTO `visit` (`id`, `property_id`, `user_id`, `datetime`, `carried_out`, `visit_rating`, `property_rating`, `comments`, `created_at`) VALUES ('43', '44', '47', '2002-11-05 05:27:03', 0, 8, 0, 'Ipsa aut quam odit est iste exercitationem qui.', '2023-08-01 07:46:07');
INSERT INTO `visit` (`id`, `property_id`, `user_id`, `datetime`, `carried_out`, `visit_rating`, `property_rating`, `comments`, `created_at`) VALUES ('44', '13', '25', '1991-05-28 17:25:49', 0, 2, 8, 'Dolorem consequuntur impedit dolor dolor repellat.', '2022-12-17 06:38:53');
INSERT INTO `visit` (`id`, `property_id`, `user_id`, `datetime`, `carried_out`, `visit_rating`, `property_rating`, `comments`, `created_at`) VALUES ('45', '4', '9', '1978-09-09 13:44:01', 1, 7, 0, 'Et consequuntur in dolore sint voluptas ad occaecati.', '2023-05-28 06:14:16');
INSERT INTO `visit` (`id`, `property_id`, `user_id`, `datetime`, `carried_out`, `visit_rating`, `property_rating`, `comments`, `created_at`) VALUES ('46', '56', '49', '1997-04-23 11:46:37', 1, 3, 2, 'Dolores voluptates vero velit harum ratione id.', '2023-05-16 02:53:19');
INSERT INTO `visit` (`id`, `property_id`, `user_id`, `datetime`, `carried_out`, `visit_rating`, `property_rating`, `comments`, `created_at`) VALUES ('47', '64', '25', '1971-08-07 23:06:30', 0, 0, 1, 'Maiores dicta eum tenetur totam.', '2023-11-06 22:47:38');
INSERT INTO `visit` (`id`, `property_id`, `user_id`, `datetime`, `carried_out`, `visit_rating`, `property_rating`, `comments`, `created_at`) VALUES ('48', '56', '13', '2009-09-26 17:42:21', 1, 6, 8, 'Eaque ex aliquam esse quia.', '2023-02-01 21:37:41');
INSERT INTO `visit` (`id`, `property_id`, `user_id`, `datetime`, `carried_out`, `visit_rating`, `property_rating`, `comments`, `created_at`) VALUES ('49', '98', '45', '1987-01-29 05:13:45', 0, 2, 7, 'Consequatur reiciendis qui laudantium beatae expedita quo.', '2023-01-06 12:05:51');
INSERT INTO `visit` (`id`, `property_id`, `user_id`, `datetime`, `carried_out`, `visit_rating`, `property_rating`, `comments`, `created_at`) VALUES ('50', '6', '23', '2004-11-17 18:19:28', 0, 7, 4, 'Officia explicabo sit itaque suscipit aspernatur placeat in consequatur.', '2023-07-03 14:42:16');

INSERT INTO `offer` (`id`, `user_id`, `property_id`, `rent_value`, `status`, `created_at`) VALUES ('1', '22', '26', '9304.55', 'APPROVED', '2023-01-24 06:40:03');
INSERT INTO `offer` (`id`, `user_id`, `property_id`, `rent_value`, `status`, `created_at`) VALUES ('2', '3', '58', '1075.95', 'REJECTED', '2022-11-21 04:17:44');
INSERT INTO `offer` (`id`, `user_id`, `property_id`, `rent_value`, `status`, `created_at`) VALUES ('3', '23', '49', '1445.60', 'APPROVED', '2023-02-03 04:36:47');
INSERT INTO `offer` (`id`, `user_id`, `property_id`, `rent_value`, `status`, `created_at`) VALUES ('4', '14', '82', '6321.69', 'APPROVED', '2023-05-16 22:18:11');
INSERT INTO `offer` (`id`, `user_id`, `property_id`, `rent_value`, `status`, `created_at`) VALUES ('5', '7', '15', '5351.61', 'PENDING', '2023-09-20 12:48:31');
INSERT INTO `offer` (`id`, `user_id`, `property_id`, `rent_value`, `status`, `created_at`) VALUES ('6', '14', '21', '7399.18', 'APPROVED', '2023-08-31 15:53:31');
INSERT INTO `offer` (`id`, `user_id`, `property_id`, `rent_value`, `status`, `created_at`) VALUES ('7', '49', '59', '9746.37', 'PENDING', '2023-03-20 05:37:46');
INSERT INTO `offer` (`id`, `user_id`, `property_id`, `rent_value`, `status`, `created_at`) VALUES ('8', '33', '43', '1986.89', 'REJECTED', '2023-10-29 02:22:05');
INSERT INTO `offer` (`id`, `user_id`, `property_id`, `rent_value`, `status`, `created_at`) VALUES ('9', '8', '71', '1038.06', 'APPROVED', '2023-03-14 08:32:24');
INSERT INTO `offer` (`id`, `user_id`, `property_id`, `rent_value`, `status`, `created_at`) VALUES ('10', '27', '35', '7176.34', 'REJECTED', '2022-12-09 04:37:11');
INSERT INTO `offer` (`id`, `user_id`, `property_id`, `rent_value`, `status`, `created_at`) VALUES ('11', '28', '56', '4273.81', 'APPROVED', '2022-12-09 05:18:57');
INSERT INTO `offer` (`id`, `user_id`, `property_id`, `rent_value`, `status`, `created_at`) VALUES ('12', '24', '91', '7116.22', 'APPROVED', '2023-01-28 21:06:55');
INSERT INTO `offer` (`id`, `user_id`, `property_id`, `rent_value`, `status`, `created_at`) VALUES ('13', '49', '40', '5623.08', 'REJECTED', '2023-03-20 04:01:06');
INSERT INTO `offer` (`id`, `user_id`, `property_id`, `rent_value`, `status`, `created_at`) VALUES ('14', '34', '98', '7460.64', 'APPROVED', '2023-06-19 21:48:20');
INSERT INTO `offer` (`id`, `user_id`, `property_id`, `rent_value`, `status`, `created_at`) VALUES ('15', '29', '45', '9798.12', 'PENDING', '2023-01-23 20:54:17');
INSERT INTO `offer` (`id`, `user_id`, `property_id`, `rent_value`, `status`, `created_at`) VALUES ('16', '26', '13', '8843.24', 'APPROVED', '2023-05-01 23:29:59');
INSERT INTO `offer` (`id`, `user_id`, `property_id`, `rent_value`, `status`, `created_at`) VALUES ('17', '3', '34', '7026.79', 'APPROVED', '2022-12-29 16:48:03');
INSERT INTO `offer` (`id`, `user_id`, `property_id`, `rent_value`, `status`, `created_at`) VALUES ('18', '2', '14', '4310.35', 'REJECTED', '2023-11-16 11:32:44');
INSERT INTO `offer` (`id`, `user_id`, `property_id`, `rent_value`, `status`, `created_at`) VALUES ('19', '26', '6', '6888.24', 'APPROVED', '2023-10-01 15:31:45');
INSERT INTO `offer` (`id`, `user_id`, `property_id`, `rent_value`, `status`, `created_at`) VALUES ('20', '17', '88', '9354.64', 'REJECTED', '2022-12-29 11:42:37');
INSERT INTO `offer` (`id`, `user_id`, `property_id`, `rent_value`, `status`, `created_at`) VALUES ('21', '41', '17', '8385.20', 'APPROVED', '2023-07-03 05:43:05');
INSERT INTO `offer` (`id`, `user_id`, `property_id`, `rent_value`, `status`, `created_at`) VALUES ('22', '8', '69', '1814.14', 'APPROVED', '2022-12-20 20:55:37');
INSERT INTO `offer` (`id`, `user_id`, `property_id`, `rent_value`, `status`, `created_at`) VALUES ('23', '45', '97', '2144.43', 'APPROVED', '2022-11-25 22:57:01');
INSERT INTO `offer` (`id`, `user_id`, `property_id`, `rent_value`, `status`, `created_at`) VALUES ('24', '5', '31', '4784.51', 'APPROVED', '2023-08-07 23:29:13');
INSERT INTO `offer` (`id`, `user_id`, `property_id`, `rent_value`, `status`, `created_at`) VALUES ('25', '17', '16', '1118.59', 'PENDING', '2023-10-26 07:35:51');
INSERT INTO `offer` (`id`, `user_id`, `property_id`, `rent_value`, `status`, `created_at`) VALUES ('26', '38', '14', '6098.12', 'REJECTED', '2023-10-08 15:20:07');
INSERT INTO `offer` (`id`, `user_id`, `property_id`, `rent_value`, `status`, `created_at`) VALUES ('27', '37', '40', '7007.51', 'APPROVED', '2022-11-28 13:14:48');
INSERT INTO `offer` (`id`, `user_id`, `property_id`, `rent_value`, `status`, `created_at`) VALUES ('28', '27', '33', '2662.75', 'REJECTED', '2023-03-19 12:19:57');
INSERT INTO `offer` (`id`, `user_id`, `property_id`, `rent_value`, `status`, `created_at`) VALUES ('29', '41', '37', '2721.87', 'PENDING', '2023-03-31 18:13:52');
INSERT INTO `offer` (`id`, `user_id`, `property_id`, `rent_value`, `status`, `created_at`) VALUES ('30', '39', '100', '7552.22', 'PENDING', '2023-05-07 08:02:17');
INSERT INTO `offer` (`id`, `user_id`, `property_id`, `rent_value`, `status`, `created_at`) VALUES ('31', '14', '85', '3528.46', 'REJECTED', '2023-08-23 22:51:39');
INSERT INTO `offer` (`id`, `user_id`, `property_id`, `rent_value`, `status`, `created_at`) VALUES ('32', '25', '6', '9873.83', 'PENDING', '2022-11-27 06:19:00');
INSERT INTO `offer` (`id`, `user_id`, `property_id`, `rent_value`, `status`, `created_at`) VALUES ('33', '3', '30', '5238.69', 'REJECTED', '2023-01-13 10:46:40');
INSERT INTO `offer` (`id`, `user_id`, `property_id`, `rent_value`, `status`, `created_at`) VALUES ('34', '1', '34', '5147.15', 'REJECTED', '2023-07-21 06:15:32');
INSERT INTO `offer` (`id`, `user_id`, `property_id`, `rent_value`, `status`, `created_at`) VALUES ('35', '17', '46', '9852.39', 'PENDING', '2023-07-10 20:18:08');
INSERT INTO `offer` (`id`, `user_id`, `property_id`, `rent_value`, `status`, `created_at`) VALUES ('36', '20', '70', '4051.60', 'PENDING', '2023-10-02 11:26:10');
INSERT INTO `offer` (`id`, `user_id`, `property_id`, `rent_value`, `status`, `created_at`) VALUES ('37', '34', '37', '5440.07', 'PENDING', '2023-01-17 17:03:22');
INSERT INTO `offer` (`id`, `user_id`, `property_id`, `rent_value`, `status`, `created_at`) VALUES ('38', '32', '16', '7326.55', 'PENDING', '2023-09-08 13:04:41');
INSERT INTO `offer` (`id`, `user_id`, `property_id`, `rent_value`, `status`, `created_at`) VALUES ('39', '44', '94', '2008.16', 'PENDING', '2023-03-05 14:54:43');
INSERT INTO `offer` (`id`, `user_id`, `property_id`, `rent_value`, `status`, `created_at`) VALUES ('40', '11', '4', '6457.80', 'PENDING', '2023-09-24 14:09:33');
INSERT INTO `offer` (`id`, `user_id`, `property_id`, `rent_value`, `status`, `created_at`) VALUES ('41', '48', '92', '4175.10', 'REJECTED', '2023-03-12 10:10:02');
INSERT INTO `offer` (`id`, `user_id`, `property_id`, `rent_value`, `status`, `created_at`) VALUES ('42', '7', '76', '5397.33', 'PENDING', '2023-09-25 23:54:35');
INSERT INTO `offer` (`id`, `user_id`, `property_id`, `rent_value`, `status`, `created_at`) VALUES ('43', '22', '11', '6818.27', 'PENDING', '2023-07-10 14:33:53');
INSERT INTO `offer` (`id`, `user_id`, `property_id`, `rent_value`, `status`, `created_at`) VALUES ('44', '28', '94', '7706.14', 'PENDING', '2023-08-05 17:27:24');
INSERT INTO `offer` (`id`, `user_id`, `property_id`, `rent_value`, `status`, `created_at`) VALUES ('45', '16', '79', '3444.63', 'REJECTED', '2023-03-08 11:26:55');
INSERT INTO `offer` (`id`, `user_id`, `property_id`, `rent_value`, `status`, `created_at`) VALUES ('46', '48', '13', '5606.33', 'REJECTED', '2023-03-07 11:56:42');
INSERT INTO `offer` (`id`, `user_id`, `property_id`, `rent_value`, `status`, `created_at`) VALUES ('47', '13', '100', '1540.26', 'APPROVED', '2023-02-03 10:06:11');
INSERT INTO `offer` (`id`, `user_id`, `property_id`, `rent_value`, `status`, `created_at`) VALUES ('48', '34', '26', '2397.45', 'APPROVED', '2023-06-04 07:30:36');
INSERT INTO `offer` (`id`, `user_id`, `property_id`, `rent_value`, `status`, `created_at`) VALUES ('49', '2', '4', '3146.22', 'APPROVED', '2023-05-06 07:14:22');
INSERT INTO `offer` (`id`, `user_id`, `property_id`, `rent_value`, `status`, `created_at`) VALUES ('50', '5', '43', '1615.44', 'APPROVED', '2023-08-12 05:49:43');

INSERT INTO `rental` (`id`, `property_id`, `user_id`, `offer_id`, `rent_value`, `contract_html`, `contract_signed_by_owner`, `contract_signed_by_renter`, `terminated`, `terminated_at`, `created_at`) VALUES ('1', '34', '18', '2', '4072.92', 'NULL', 0, 1, 1, '2023-11-08 04:17:06', '2023-01-06 19:26:04');
INSERT INTO `rental` (`id`, `property_id`, `user_id`, `offer_id`, `rent_value`, `contract_html`, `contract_signed_by_owner`, `contract_signed_by_renter`, `terminated`, `terminated_at`, `created_at`) VALUES ('2', '18', '22', '5', '7328.14', 'NULL', 0, 1, 0, '2023-06-15 01:37:41', '2023-09-08 06:36:24');
INSERT INTO `rental` (`id`, `property_id`, `user_id`, `offer_id`, `rent_value`, `contract_html`, `contract_signed_by_owner`, `contract_signed_by_renter`, `terminated`, `terminated_at`, `created_at`) VALUES ('3', '74', '44', '42', '4789.59', 'NULL', 0, 0, 0, '2023-06-29 08:32:07', '2023-10-14 09:20:47');
INSERT INTO `rental` (`id`, `property_id`, `user_id`, `offer_id`, `rent_value`, `contract_html`, `contract_signed_by_owner`, `contract_signed_by_renter`, `terminated`, `terminated_at`, `created_at`) VALUES ('4', '75', '37', '45', '4173.94', 'NULL', 0, 1, 0, '2023-06-01 03:45:27', '2023-03-10 06:48:47');
INSERT INTO `rental` (`id`, `property_id`, `user_id`, `offer_id`, `rent_value`, `contract_html`, `contract_signed_by_owner`, `contract_signed_by_renter`, `terminated`, `terminated_at`, `created_at`) VALUES ('5', '20', '25', '10', '2358.84', 'NULL', 0, 0, 0, '2023-03-20 12:31:36', '2023-03-11 01:34:43');
INSERT INTO `rental` (`id`, `property_id`, `user_id`, `offer_id`, `rent_value`, `contract_html`, `contract_signed_by_owner`, `contract_signed_by_renter`, `terminated`, `terminated_at`, `created_at`) VALUES ('6', '49', '14', '35', '4955.07', 'NULL', 1, 1, 1, '2023-06-30 19:27:40', '2022-12-26 13:44:31');
INSERT INTO `rental` (`id`, `property_id`, `user_id`, `offer_id`, `rent_value`, `contract_html`, `contract_signed_by_owner`, `contract_signed_by_renter`, `terminated`, `terminated_at`, `created_at`) VALUES ('7', '52', '16', '3', '5491.55', 'NULL', 1, 0, 1, '2023-08-02 18:21:11', '2023-04-03 17:24:21');
INSERT INTO `rental` (`id`, `property_id`, `user_id`, `offer_id`, `rent_value`, `contract_html`, `contract_signed_by_owner`, `contract_signed_by_renter`, `terminated`, `terminated_at`, `created_at`) VALUES ('8', '43', '8', '4', '7936.04', 'NULL', 0, 0, 0, '2023-01-12 07:43:30', '2023-03-18 23:31:25');
INSERT INTO `rental` (`id`, `property_id`, `user_id`, `offer_id`, `rent_value`, `contract_html`, `contract_signed_by_owner`, `contract_signed_by_renter`, `terminated`, `terminated_at`, `created_at`) VALUES ('9', '58', '31', '43', '3248.54', 'NULL', 0, 0, 0, '2023-08-22 19:23:33', '2022-12-12 20:17:33');
INSERT INTO `rental` (`id`, `property_id`, `user_id`, `offer_id`, `rent_value`, `contract_html`, `contract_signed_by_owner`, `contract_signed_by_renter`, `terminated`, `terminated_at`, `created_at`) VALUES ('10', '63', '32', '46', '5065.10', 'NULL', 1, 1, 0, '2023-07-11 15:02:08', '2023-01-23 05:06:31');
INSERT INTO `rental` (`id`, `property_id`, `user_id`, `offer_id`, `rent_value`, `contract_html`, `contract_signed_by_owner`, `contract_signed_by_renter`, `terminated`, `terminated_at`, `created_at`) VALUES ('11', '41', '32', '33', '7027.15', 'NULL', 0, 1, 0, '2023-09-04 23:08:26', '2023-07-10 00:25:33');
INSERT INTO `rental` (`id`, `property_id`, `user_id`, `offer_id`, `rent_value`, `contract_html`, `contract_signed_by_owner`, `contract_signed_by_renter`, `terminated`, `terminated_at`, `created_at`) VALUES ('12', '51', '45', '8', '4384.87', 'NULL', 1, 0, 0, '2023-09-13 02:23:25', '2023-05-28 22:53:08');
INSERT INTO `rental` (`id`, `property_id`, `user_id`, `offer_id`, `rent_value`, `contract_html`, `contract_signed_by_owner`, `contract_signed_by_renter`, `terminated`, `terminated_at`, `created_at`) VALUES ('13', '33', '41', '2', '6673.88', 'NULL', 1, 1, 0, '2023-08-11 21:25:29', '2023-03-25 06:57:34');
INSERT INTO `rental` (`id`, `property_id`, `user_id`, `offer_id`, `rent_value`, `contract_html`, `contract_signed_by_owner`, `contract_signed_by_renter`, `terminated`, `terminated_at`, `created_at`) VALUES ('14', '88', '32', '9', '939.04', 'NULL', 1, 0, 0, '2023-04-27 02:07:16', '2022-12-31 04:56:36');
INSERT INTO `rental` (`id`, `property_id`, `user_id`, `offer_id`, `rent_value`, `contract_html`, `contract_signed_by_owner`, `contract_signed_by_renter`, `terminated`, `terminated_at`, `created_at`) VALUES ('15', '23', '26', '12', '9775.52', 'NULL', 0, 0, 0, '2023-09-20 08:09:27', '2023-08-20 21:20:20');
INSERT INTO `rental` (`id`, `property_id`, `user_id`, `offer_id`, `rent_value`, `contract_html`, `contract_signed_by_owner`, `contract_signed_by_renter`, `terminated`, `terminated_at`, `created_at`) VALUES ('16', '35', '7', '20', '876.14', 'NULL', 0, 0, 0, '2023-07-07 06:45:19', '2023-01-14 09:41:30');
INSERT INTO `rental` (`id`, `property_id`, `user_id`, `offer_id`, `rent_value`, `contract_html`, `contract_signed_by_owner`, `contract_signed_by_renter`, `terminated`, `terminated_at`, `created_at`) VALUES ('17', '95', '2', '7', '7586.57', 'NULL', 0, 0, 0, '2023-11-03 01:31:23', '2023-11-02 11:06:15');
INSERT INTO `rental` (`id`, `property_id`, `user_id`, `offer_id`, `rent_value`, `contract_html`, `contract_signed_by_owner`, `contract_signed_by_renter`, `terminated`, `terminated_at`, `created_at`) VALUES ('18', '15', '24', '19', '4917.58', 'NULL', 1, 0, 0, '2023-05-05 03:37:21', '2023-08-28 19:56:35');
INSERT INTO `rental` (`id`, `property_id`, `user_id`, `offer_id`, `rent_value`, `contract_html`, `contract_signed_by_owner`, `contract_signed_by_renter`, `terminated`, `terminated_at`, `created_at`) VALUES ('19', '89', '14', '18', '8471.55', 'NULL', 0, 0, 1, '2023-10-15 09:37:00', '2022-12-27 09:59:27');
INSERT INTO `rental` (`id`, `property_id`, `user_id`, `offer_id`, `rent_value`, `contract_html`, `contract_signed_by_owner`, `contract_signed_by_renter`, `terminated`, `terminated_at`, `created_at`) VALUES ('20', '97', '18', '36', '3234.05', 'NULL', 0, 0, 0, '2022-12-24 15:43:45', '2023-03-30 16:09:16');
INSERT INTO `rental` (`id`, `property_id`, `user_id`, `offer_id`, `rent_value`, `contract_html`, `contract_signed_by_owner`, `contract_signed_by_renter`, `terminated`, `terminated_at`, `created_at`) VALUES ('21', '13', '37', '23', '976.43', 'NULL', 0, 1, 0, '2023-05-06 05:04:41', '2023-10-03 22:30:21');
INSERT INTO `rental` (`id`, `property_id`, `user_id`, `offer_id`, `rent_value`, `contract_html`, `contract_signed_by_owner`, `contract_signed_by_renter`, `terminated`, `terminated_at`, `created_at`) VALUES ('22', '13', '8', '23', '4864.27', 'NULL', 0, 1, 0, '2023-03-15 18:35:51', '2023-02-12 20:48:06');
INSERT INTO `rental` (`id`, `property_id`, `user_id`, `offer_id`, `rent_value`, `contract_html`, `contract_signed_by_owner`, `contract_signed_by_renter`, `terminated`, `terminated_at`, `created_at`) VALUES ('23', '97', '43', '29', '7876.63', 'NULL', 1, 0, 0, '2023-07-03 07:10:30', '2022-11-30 13:38:40');
INSERT INTO `rental` (`id`, `property_id`, `user_id`, `offer_id`, `rent_value`, `contract_html`, `contract_signed_by_owner`, `contract_signed_by_renter`, `terminated`, `terminated_at`, `created_at`) VALUES ('24', '29', '1', '36', '5413.32', 'NULL', 1, 0, 0, '2023-05-31 20:26:19', '2023-10-05 07:09:36');
INSERT INTO `rental` (`id`, `property_id`, `user_id`, `offer_id`, `rent_value`, `contract_html`, `contract_signed_by_owner`, `contract_signed_by_renter`, `terminated`, `terminated_at`, `created_at`) VALUES ('25', '55', '24', '30', '4017.12', 'NULL', 0, 0, 0, '2023-09-02 21:21:04', '2022-12-04 14:20:55');
INSERT INTO `rental` (`id`, `property_id`, `user_id`, `offer_id`, `rent_value`, `contract_html`, `contract_signed_by_owner`, `contract_signed_by_renter`, `terminated`, `terminated_at`, `created_at`) VALUES ('26', '67', '16', '9', '7242.03', 'NULL', 1, 0, 0, '2023-05-26 16:49:22', '2023-05-08 18:34:52');
INSERT INTO `rental` (`id`, `property_id`, `user_id`, `offer_id`, `rent_value`, `contract_html`, `contract_signed_by_owner`, `contract_signed_by_renter`, `terminated`, `terminated_at`, `created_at`) VALUES ('27', '28', '49', '24', '8814.18', 'NULL', 1, 0, 0, '2023-04-15 05:30:52', '2023-04-07 08:25:46');
INSERT INTO `rental` (`id`, `property_id`, `user_id`, `offer_id`, `rent_value`, `contract_html`, `contract_signed_by_owner`, `contract_signed_by_renter`, `terminated`, `terminated_at`, `created_at`) VALUES ('28', '2', '6', '48', '4248.38', 'NULL', 1, 0, 0, '2023-06-14 17:21:58', '2023-07-31 22:51:53');
INSERT INTO `rental` (`id`, `property_id`, `user_id`, `offer_id`, `rent_value`, `contract_html`, `contract_signed_by_owner`, `contract_signed_by_renter`, `terminated`, `terminated_at`, `created_at`) VALUES ('29', '24', '5', '40', '7412.39', 'NULL', 0, 0, 0, '2023-01-18 20:16:17', '2023-02-22 18:55:35');
INSERT INTO `rental` (`id`, `property_id`, `user_id`, `offer_id`, `rent_value`, `contract_html`, `contract_signed_by_owner`, `contract_signed_by_renter`, `terminated`, `terminated_at`, `created_at`) VALUES ('30', '13', '35', '21', '1643.87', 'NULL', 0, 0, 0, '2023-04-11 08:21:02', '2023-01-16 18:52:56');
INSERT INTO `rental` (`id`, `property_id`, `user_id`, `offer_id`, `rent_value`, `contract_html`, `contract_signed_by_owner`, `contract_signed_by_renter`, `terminated`, `terminated_at`, `created_at`) VALUES ('31', '42', '19', '18', '5869.24', 'NULL', 1, 0, 0, '2023-03-03 00:36:31', '2023-03-14 06:15:04');
INSERT INTO `rental` (`id`, `property_id`, `user_id`, `offer_id`, `rent_value`, `contract_html`, `contract_signed_by_owner`, `contract_signed_by_renter`, `terminated`, `terminated_at`, `created_at`) VALUES ('32', '100', '16', '49', '4668.40', 'NULL', 0, 1, 0, '2023-03-08 22:24:20', '2023-02-20 06:24:18');
INSERT INTO `rental` (`id`, `property_id`, `user_id`, `offer_id`, `rent_value`, `contract_html`, `contract_signed_by_owner`, `contract_signed_by_renter`, `terminated`, `terminated_at`, `created_at`) VALUES ('33', '54', '27', '33', '1463.31', 'NULL', 1, 1, 0, '2023-01-18 03:45:03', '2023-01-06 01:34:53');
INSERT INTO `rental` (`id`, `property_id`, `user_id`, `offer_id`, `rent_value`, `contract_html`, `contract_signed_by_owner`, `contract_signed_by_renter`, `terminated`, `terminated_at`, `created_at`) VALUES ('34', '60', '42', '16', '6965.31', 'NULL', 0, 1, 0, '2023-01-07 07:32:08', '2023-04-23 08:20:52');
INSERT INTO `rental` (`id`, `property_id`, `user_id`, `offer_id`, `rent_value`, `contract_html`, `contract_signed_by_owner`, `contract_signed_by_renter`, `terminated`, `terminated_at`, `created_at`) VALUES ('35', '82', '32', '46', '7566.02', 'NULL', 1, 0, 0, '2023-07-08 19:49:42', '2023-08-22 01:50:11');
INSERT INTO `rental` (`id`, `property_id`, `user_id`, `offer_id`, `rent_value`, `contract_html`, `contract_signed_by_owner`, `contract_signed_by_renter`, `terminated`, `terminated_at`, `created_at`) VALUES ('36', '3', '45', '3', '844.55', 'NULL', 1, 1, 0, '2023-10-28 23:17:49', '2023-06-25 00:11:45');
INSERT INTO `rental` (`id`, `property_id`, `user_id`, `offer_id`, `rent_value`, `contract_html`, `contract_signed_by_owner`, `contract_signed_by_renter`, `terminated`, `terminated_at`, `created_at`) VALUES ('37', '53', '9', '44', '9924.36', 'NULL', 0, 0, 1, '2022-11-29 11:28:57', '2023-09-06 19:53:55');
INSERT INTO `rental` (`id`, `property_id`, `user_id`, `offer_id`, `rent_value`, `contract_html`, `contract_signed_by_owner`, `contract_signed_by_renter`, `terminated`, `terminated_at`, `created_at`) VALUES ('38', '37', '49', '36', '2141.00', 'NULL', 0, 1, 0, '2023-09-17 22:23:34', '2023-05-28 06:28:41');
INSERT INTO `rental` (`id`, `property_id`, `user_id`, `offer_id`, `rent_value`, `contract_html`, `contract_signed_by_owner`, `contract_signed_by_renter`, `terminated`, `terminated_at`, `created_at`) VALUES ('39', '36', '2', '13', '3423.88', 'NULL', 0, 0, 0, '2023-09-17 15:22:09', '2023-05-05 11:27:02');
INSERT INTO `rental` (`id`, `property_id`, `user_id`, `offer_id`, `rent_value`, `contract_html`, `contract_signed_by_owner`, `contract_signed_by_renter`, `terminated`, `terminated_at`, `created_at`) VALUES ('40', '48', '45', '10', '3051.89', 'NULL', 0, 1, 0, '2023-07-29 16:30:17', '2023-03-07 02:12:13');
INSERT INTO `rental` (`id`, `property_id`, `user_id`, `offer_id`, `rent_value`, `contract_html`, `contract_signed_by_owner`, `contract_signed_by_renter`, `terminated`, `terminated_at`, `created_at`) VALUES ('41', '25', '18', '36', '2630.80', 'NULL', 0, 0, 0, '2023-10-25 19:26:14', '2022-12-20 00:31:37');
INSERT INTO `rental` (`id`, `property_id`, `user_id`, `offer_id`, `rent_value`, `contract_html`, `contract_signed_by_owner`, `contract_signed_by_renter`, `terminated`, `terminated_at`, `created_at`) VALUES ('42', '82', '15', '23', '1131.36', 'NULL', 1, 0, 1, '2023-05-22 13:37:56', '2023-03-21 14:44:42');
INSERT INTO `rental` (`id`, `property_id`, `user_id`, `offer_id`, `rent_value`, `contract_html`, `contract_signed_by_owner`, `contract_signed_by_renter`, `terminated`, `terminated_at`, `created_at`) VALUES ('43', '32', '48', '45', '6572.99', 'NULL', 1, 1, 0, '2023-06-27 09:18:55', '2023-06-24 18:12:35');
INSERT INTO `rental` (`id`, `property_id`, `user_id`, `offer_id`, `rent_value`, `contract_html`, `contract_signed_by_owner`, `contract_signed_by_renter`, `terminated`, `terminated_at`, `created_at`) VALUES ('44', '42', '36', '16', '8819.93', 'NULL', 0, 1, 0, '2023-04-15 18:52:16', '2023-08-26 06:12:28');
INSERT INTO `rental` (`id`, `property_id`, `user_id`, `offer_id`, `rent_value`, `contract_html`, `contract_signed_by_owner`, `contract_signed_by_renter`, `terminated`, `terminated_at`, `created_at`) VALUES ('45', '64', '17', '2', '9657.88', 'NULL', 1, 0, 0, '2023-08-02 19:52:53', '2023-08-14 10:13:17');
INSERT INTO `rental` (`id`, `property_id`, `user_id`, `offer_id`, `rent_value`, `contract_html`, `contract_signed_by_owner`, `contract_signed_by_renter`, `terminated`, `terminated_at`, `created_at`) VALUES ('46', '54', '50', '2', '7561.13', 'NULL', 1, 1, 0, '2023-09-01 17:26:43', '2023-09-25 04:56:23');
INSERT INTO `rental` (`id`, `property_id`, `user_id`, `offer_id`, `rent_value`, `contract_html`, `contract_signed_by_owner`, `contract_signed_by_renter`, `terminated`, `terminated_at`, `created_at`) VALUES ('47', '51', '4', '46', '6430.24', 'NULL', 1, 0, 0, '2023-02-09 08:15:43', '2023-05-17 23:19:14');
INSERT INTO `rental` (`id`, `property_id`, `user_id`, `offer_id`, `rent_value`, `contract_html`, `contract_signed_by_owner`, `contract_signed_by_renter`, `terminated`, `terminated_at`, `created_at`) VALUES ('48', '30', '23', '29', '9867.46', 'NULL', 1, 1, 0, '2023-11-19 01:55:40', '2023-04-26 20:05:15');
INSERT INTO `rental` (`id`, `property_id`, `user_id`, `offer_id`, `rent_value`, `contract_html`, `contract_signed_by_owner`, `contract_signed_by_renter`, `terminated`, `terminated_at`, `created_at`) VALUES ('49', '61', '37', '22', '5435.07', 'NULL', 1, 0, 0, '2023-01-31 21:27:46', '2023-05-25 09:07:55');
INSERT INTO `rental` (`id`, `property_id`, `user_id`, `offer_id`, `rent_value`, `contract_html`, `contract_signed_by_owner`, `contract_signed_by_renter`, `terminated`, `terminated_at`, `created_at`) VALUES ('50', '40', '43', '11', '8380.46', 'NULL', 1, 0, 1, '2023-10-18 03:17:38', '2022-12-01 07:46:05');
INSERT INTO `rental` (`id`, `property_id`, `user_id`, `offer_id`, `rent_value`, `contract_html`, `contract_signed_by_owner`, `contract_signed_by_renter`, `terminated`, `terminated_at`, `created_at`) VALUES ('51', '30', '15', '35', '2513.04', 'NULL', 1, 0, 0, '2023-01-09 13:05:03', '2023-04-07 08:17:40');
INSERT INTO `rental` (`id`, `property_id`, `user_id`, `offer_id`, `rent_value`, `contract_html`, `contract_signed_by_owner`, `contract_signed_by_renter`, `terminated`, `terminated_at`, `created_at`) VALUES ('52', '82', '1', '33', '7349.27', 'NULL', 0, 1, 0, '2022-12-31 11:48:18', '2023-05-21 22:35:55');
INSERT INTO `rental` (`id`, `property_id`, `user_id`, `offer_id`, `rent_value`, `contract_html`, `contract_signed_by_owner`, `contract_signed_by_renter`, `terminated`, `terminated_at`, `created_at`) VALUES ('53', '36', '19', '25', '3593.45', 'NULL', 1, 1, 0, '2023-01-05 00:22:23', '2023-01-29 07:44:54');
INSERT INTO `rental` (`id`, `property_id`, `user_id`, `offer_id`, `rent_value`, `contract_html`, `contract_signed_by_owner`, `contract_signed_by_renter`, `terminated`, `terminated_at`, `created_at`) VALUES ('54', '8', '9', '26', '3297.54', 'NULL', 1, 1, 0, '2023-01-13 08:58:18', '2022-11-25 15:24:28');
INSERT INTO `rental` (`id`, `property_id`, `user_id`, `offer_id`, `rent_value`, `contract_html`, `contract_signed_by_owner`, `contract_signed_by_renter`, `terminated`, `terminated_at`, `created_at`) VALUES ('55', '82', '43', '46', '3869.19', 'NULL', 0, 0, 0, '2023-02-13 07:50:05', '2022-12-21 17:16:42');
INSERT INTO `rental` (`id`, `property_id`, `user_id`, `offer_id`, `rent_value`, `contract_html`, `contract_signed_by_owner`, `contract_signed_by_renter`, `terminated`, `terminated_at`, `created_at`) VALUES ('56', '57', '47', '44', '2023.34', 'NULL', 1, 0, 1, '2023-02-26 22:17:51', '2023-08-09 09:11:29');
INSERT INTO `rental` (`id`, `property_id`, `user_id`, `offer_id`, `rent_value`, `contract_html`, `contract_signed_by_owner`, `contract_signed_by_renter`, `terminated`, `terminated_at`, `created_at`) VALUES ('57', '36', '16', '30', '4135.24', 'NULL', 0, 0, 0, '2023-03-17 07:34:29', '2022-12-23 03:49:54');
INSERT INTO `rental` (`id`, `property_id`, `user_id`, `offer_id`, `rent_value`, `contract_html`, `contract_signed_by_owner`, `contract_signed_by_renter`, `terminated`, `terminated_at`, `created_at`) VALUES ('58', '16', '30', '27', '8570.65', 'NULL', 1, 0, 0, '2023-09-12 06:19:42', '2023-03-03 21:45:57');
INSERT INTO `rental` (`id`, `property_id`, `user_id`, `offer_id`, `rent_value`, `contract_html`, `contract_signed_by_owner`, `contract_signed_by_renter`, `terminated`, `terminated_at`, `created_at`) VALUES ('59', '59', '21', '45', '3650.16', 'NULL', 1, 0, 0, '2023-10-23 06:06:16', '2023-09-18 05:39:35');
INSERT INTO `rental` (`id`, `property_id`, `user_id`, `offer_id`, `rent_value`, `contract_html`, `contract_signed_by_owner`, `contract_signed_by_renter`, `terminated`, `terminated_at`, `created_at`) VALUES ('60', '33', '45', '15', '7455.42', 'NULL', 1, 0, 0, '2023-09-13 04:26:51', '2022-12-12 13:20:04');
INSERT INTO `rental` (`id`, `property_id`, `user_id`, `offer_id`, `rent_value`, `contract_html`, `contract_signed_by_owner`, `contract_signed_by_renter`, `terminated`, `terminated_at`, `created_at`) VALUES ('61', '25', '31', '16', '3939.66', 'NULL', 1, 0, 0, '2023-10-21 08:18:53', '2023-02-28 16:53:02');
INSERT INTO `rental` (`id`, `property_id`, `user_id`, `offer_id`, `rent_value`, `contract_html`, `contract_signed_by_owner`, `contract_signed_by_renter`, `terminated`, `terminated_at`, `created_at`) VALUES ('62', '39', '21', '26', '5353.92', 'NULL', 1, 1, 1, '2023-11-16 05:47:57', '2023-04-13 18:04:21');
INSERT INTO `rental` (`id`, `property_id`, `user_id`, `offer_id`, `rent_value`, `contract_html`, `contract_signed_by_owner`, `contract_signed_by_renter`, `terminated`, `terminated_at`, `created_at`) VALUES ('63', '49', '38', '37', '1752.22', 'NULL', 0, 0, 1, '2023-01-19 23:16:51', '2022-12-27 00:50:15');
INSERT INTO `rental` (`id`, `property_id`, `user_id`, `offer_id`, `rent_value`, `contract_html`, `contract_signed_by_owner`, `contract_signed_by_renter`, `terminated`, `terminated_at`, `created_at`) VALUES ('64', '1', '36', '23', '3454.26', 'NULL', 0, 1, 1, '2023-07-27 04:43:45', '2023-11-13 07:18:25');
INSERT INTO `rental` (`id`, `property_id`, `user_id`, `offer_id`, `rent_value`, `contract_html`, `contract_signed_by_owner`, `contract_signed_by_renter`, `terminated`, `terminated_at`, `created_at`) VALUES ('65', '94', '37', '16', '9459.18', 'NULL', 1, 0, 0, '2023-05-02 05:14:58', '2023-09-25 03:18:53');
INSERT INTO `rental` (`id`, `property_id`, `user_id`, `offer_id`, `rent_value`, `contract_html`, `contract_signed_by_owner`, `contract_signed_by_renter`, `terminated`, `terminated_at`, `created_at`) VALUES ('66', '43', '34', '32', '8518.13', 'NULL', 1, 0, 0, '2023-07-23 07:07:43', '2022-12-26 14:10:47');
INSERT INTO `rental` (`id`, `property_id`, `user_id`, `offer_id`, `rent_value`, `contract_html`, `contract_signed_by_owner`, `contract_signed_by_renter`, `terminated`, `terminated_at`, `created_at`) VALUES ('67', '92', '5', '13', '9738.80', 'NULL', 0, 0, 1, '2023-03-06 12:06:22', '2023-11-19 04:03:04');
INSERT INTO `rental` (`id`, `property_id`, `user_id`, `offer_id`, `rent_value`, `contract_html`, `contract_signed_by_owner`, `contract_signed_by_renter`, `terminated`, `terminated_at`, `created_at`) VALUES ('68', '68', '19', '24', '1927.45', 'NULL', 1, 1, 0, '2022-12-31 18:29:51', '2023-02-26 19:00:04');
INSERT INTO `rental` (`id`, `property_id`, `user_id`, `offer_id`, `rent_value`, `contract_html`, `contract_signed_by_owner`, `contract_signed_by_renter`, `terminated`, `terminated_at`, `created_at`) VALUES ('69', '5', '35', '23', '3191.79', 'NULL', 0, 1, 0, '2023-07-24 22:29:48', '2023-05-07 21:31:29');
INSERT INTO `rental` (`id`, `property_id`, `user_id`, `offer_id`, `rent_value`, `contract_html`, `contract_signed_by_owner`, `contract_signed_by_renter`, `terminated`, `terminated_at`, `created_at`) VALUES ('70', '99', '15', '46', '7036.87', 'NULL', 1, 1, 0, '2023-01-21 06:26:12', '2023-08-02 04:30:23');
INSERT INTO `rental` (`id`, `property_id`, `user_id`, `offer_id`, `rent_value`, `contract_html`, `contract_signed_by_owner`, `contract_signed_by_renter`, `terminated`, `terminated_at`, `created_at`) VALUES ('71', '5', '27', '14', '4683.15', 'NULL', 1, 1, 0, '2023-01-25 21:46:05', '2023-10-31 23:52:51');
INSERT INTO `rental` (`id`, `property_id`, `user_id`, `offer_id`, `rent_value`, `contract_html`, `contract_signed_by_owner`, `contract_signed_by_renter`, `terminated`, `terminated_at`, `created_at`) VALUES ('72', '78', '14', '33', '6644.52', 'NULL', 0, 1, 1, '2023-08-12 14:37:17', '2023-07-20 04:38:39');
INSERT INTO `rental` (`id`, `property_id`, `user_id`, `offer_id`, `rent_value`, `contract_html`, `contract_signed_by_owner`, `contract_signed_by_renter`, `terminated`, `terminated_at`, `created_at`) VALUES ('73', '12', '44', '27', '3577.73', 'NULL', 0, 0, 0, '2023-05-01 16:08:05', '2023-07-23 15:23:49');
INSERT INTO `rental` (`id`, `property_id`, `user_id`, `offer_id`, `rent_value`, `contract_html`, `contract_signed_by_owner`, `contract_signed_by_renter`, `terminated`, `terminated_at`, `created_at`) VALUES ('74', '73', '34', '24', '5123.07', 'NULL', 0, 1, 1, '2023-07-13 09:05:57', '2023-06-18 06:32:22');
INSERT INTO `rental` (`id`, `property_id`, `user_id`, `offer_id`, `rent_value`, `contract_html`, `contract_signed_by_owner`, `contract_signed_by_renter`, `terminated`, `terminated_at`, `created_at`) VALUES ('75', '74', '38', '18', '4429.90', 'NULL', 0, 1, 0, '2023-09-08 10:49:20', '2023-04-22 10:36:36');
INSERT INTO `rental` (`id`, `property_id`, `user_id`, `offer_id`, `rent_value`, `contract_html`, `contract_signed_by_owner`, `contract_signed_by_renter`, `terminated`, `terminated_at`, `created_at`) VALUES ('76', '98', '50', '37', '6642.45', 'NULL', 1, 1, 0, '2022-11-21 00:44:37', '2022-12-06 08:44:03');
INSERT INTO `rental` (`id`, `property_id`, `user_id`, `offer_id`, `rent_value`, `contract_html`, `contract_signed_by_owner`, `contract_signed_by_renter`, `terminated`, `terminated_at`, `created_at`) VALUES ('77', '54', '26', '3', '5578.67', 'NULL', 0, 1, 1, '2023-10-25 05:46:41', '2023-08-07 14:03:31');
INSERT INTO `rental` (`id`, `property_id`, `user_id`, `offer_id`, `rent_value`, `contract_html`, `contract_signed_by_owner`, `contract_signed_by_renter`, `terminated`, `terminated_at`, `created_at`) VALUES ('78', '80', '12', '37', '8304.90', 'NULL', 1, 1, 0, '2023-10-31 13:16:53', '2023-09-12 19:07:29');
INSERT INTO `rental` (`id`, `property_id`, `user_id`, `offer_id`, `rent_value`, `contract_html`, `contract_signed_by_owner`, `contract_signed_by_renter`, `terminated`, `terminated_at`, `created_at`) VALUES ('79', '16', '26', '15', '872.08', 'NULL', 0, 1, 0, '2023-06-16 11:20:50', '2023-07-21 21:47:57');
INSERT INTO `rental` (`id`, `property_id`, `user_id`, `offer_id`, `rent_value`, `contract_html`, `contract_signed_by_owner`, `contract_signed_by_renter`, `terminated`, `terminated_at`, `created_at`) VALUES ('80', '84', '41', '36', '5412.14', 'NULL', 1, 0, 1, '2023-11-19 17:33:21', '2023-08-29 15:07:41');
INSERT INTO `rental` (`id`, `property_id`, `user_id`, `offer_id`, `rent_value`, `contract_html`, `contract_signed_by_owner`, `contract_signed_by_renter`, `terminated`, `terminated_at`, `created_at`) VALUES ('81', '49', '12', '32', '3500.94', 'NULL', 0, 1, 0, '2023-01-13 22:22:27', '2023-11-04 10:44:50');
INSERT INTO `rental` (`id`, `property_id`, `user_id`, `offer_id`, `rent_value`, `contract_html`, `contract_signed_by_owner`, `contract_signed_by_renter`, `terminated`, `terminated_at`, `created_at`) VALUES ('82', '10', '35', '7', '6028.31', 'NULL', 0, 0, 0, '2022-11-26 06:30:17', '2023-01-29 09:56:32');
INSERT INTO `rental` (`id`, `property_id`, `user_id`, `offer_id`, `rent_value`, `contract_html`, `contract_signed_by_owner`, `contract_signed_by_renter`, `terminated`, `terminated_at`, `created_at`) VALUES ('83', '45', '35', '19', '1048.62', 'NULL', 0, 1, 1, '2023-02-27 12:54:59', '2023-07-04 03:18:04');
INSERT INTO `rental` (`id`, `property_id`, `user_id`, `offer_id`, `rent_value`, `contract_html`, `contract_signed_by_owner`, `contract_signed_by_renter`, `terminated`, `terminated_at`, `created_at`) VALUES ('84', '81', '43', '44', '2376.55', 'NULL', 1, 0, 1, '2023-09-21 22:43:18', '2023-08-26 20:23:50');
INSERT INTO `rental` (`id`, `property_id`, `user_id`, `offer_id`, `rent_value`, `contract_html`, `contract_signed_by_owner`, `contract_signed_by_renter`, `terminated`, `terminated_at`, `created_at`) VALUES ('85', '56', '2', '39', '8219.66', 'NULL', 1, 0, 1, '2022-12-27 07:46:46', '2023-01-05 16:57:17');
INSERT INTO `rental` (`id`, `property_id`, `user_id`, `offer_id`, `rent_value`, `contract_html`, `contract_signed_by_owner`, `contract_signed_by_renter`, `terminated`, `terminated_at`, `created_at`) VALUES ('86', '71', '30', '17', '1642.57', 'NULL', 1, 0, 1, '2022-12-10 02:07:04', '2023-06-12 06:41:06');
INSERT INTO `rental` (`id`, `property_id`, `user_id`, `offer_id`, `rent_value`, `contract_html`, `contract_signed_by_owner`, `contract_signed_by_renter`, `terminated`, `terminated_at`, `created_at`) VALUES ('87', '91', '6', '8', '2658.46', 'NULL', 0, 1, 0, '2023-08-22 04:13:00', '2023-07-15 09:07:14');
INSERT INTO `rental` (`id`, `property_id`, `user_id`, `offer_id`, `rent_value`, `contract_html`, `contract_signed_by_owner`, `contract_signed_by_renter`, `terminated`, `terminated_at`, `created_at`) VALUES ('88', '86', '48', '17', '9322.56', 'NULL', 1, 0, 0, '2023-06-18 14:18:39', '2023-06-11 14:57:18');
INSERT INTO `rental` (`id`, `property_id`, `user_id`, `offer_id`, `rent_value`, `contract_html`, `contract_signed_by_owner`, `contract_signed_by_renter`, `terminated`, `terminated_at`, `created_at`) VALUES ('89', '70', '33', '15', '8492.36', 'NULL', 0, 1, 0, '2023-09-06 15:09:43', '2022-12-16 14:34:16');
INSERT INTO `rental` (`id`, `property_id`, `user_id`, `offer_id`, `rent_value`, `contract_html`, `contract_signed_by_owner`, `contract_signed_by_renter`, `terminated`, `terminated_at`, `created_at`) VALUES ('90', '76', '26', '36', '1483.93', 'NULL', 0, 1, 1, '2023-01-26 00:46:26', '2023-10-16 22:49:42');
INSERT INTO `rental` (`id`, `property_id`, `user_id`, `offer_id`, `rent_value`, `contract_html`, `contract_signed_by_owner`, `contract_signed_by_renter`, `terminated`, `terminated_at`, `created_at`) VALUES ('91', '81', '19', '49', '6711.25', 'NULL', 1, 0, 0, '2023-11-02 08:11:54', '2023-02-19 00:36:50');
INSERT INTO `rental` (`id`, `property_id`, `user_id`, `offer_id`, `rent_value`, `contract_html`, `contract_signed_by_owner`, `contract_signed_by_renter`, `terminated`, `terminated_at`, `created_at`) VALUES ('92', '71', '38', '19', '6027.38', 'NULL', 1, 1, 0, '2023-07-15 04:54:26', '2023-02-24 02:50:28');
INSERT INTO `rental` (`id`, `property_id`, `user_id`, `offer_id`, `rent_value`, `contract_html`, `contract_signed_by_owner`, `contract_signed_by_renter`, `terminated`, `terminated_at`, `created_at`) VALUES ('93', '92', '29', '48', '6517.18', 'NULL', 1, 1, 0, '2022-12-11 06:22:23', '2023-01-02 13:10:08');
INSERT INTO `rental` (`id`, `property_id`, `user_id`, `offer_id`, `rent_value`, `contract_html`, `contract_signed_by_owner`, `contract_signed_by_renter`, `terminated`, `terminated_at`, `created_at`) VALUES ('94', '48', '28', '15', '8762.70', 'NULL', 0, 0, 0, '2023-03-03 22:45:35', '2023-05-26 20:54:54');
INSERT INTO `rental` (`id`, `property_id`, `user_id`, `offer_id`, `rent_value`, `contract_html`, `contract_signed_by_owner`, `contract_signed_by_renter`, `terminated`, `terminated_at`, `created_at`) VALUES ('95', '6', '37', '21', '8683.74', 'NULL', 1, 1, 0, '2023-08-27 01:28:52', '2023-04-03 14:59:18');
INSERT INTO `rental` (`id`, `property_id`, `user_id`, `offer_id`, `rent_value`, `contract_html`, `contract_signed_by_owner`, `contract_signed_by_renter`, `terminated`, `terminated_at`, `created_at`) VALUES ('96', '51', '38', '12', '5664.87', 'NULL', 0, 0, 0, '2023-05-06 13:37:23', '2023-03-03 23:31:21');
INSERT INTO `rental` (`id`, `property_id`, `user_id`, `offer_id`, `rent_value`, `contract_html`, `contract_signed_by_owner`, `contract_signed_by_renter`, `terminated`, `terminated_at`, `created_at`) VALUES ('97', '99', '48', '45', '8916.53', 'NULL', 0, 0, 0, '2023-06-28 14:17:25', '2022-12-31 14:56:10');
INSERT INTO `rental` (`id`, `property_id`, `user_id`, `offer_id`, `rent_value`, `contract_html`, `contract_signed_by_owner`, `contract_signed_by_renter`, `terminated`, `terminated_at`, `created_at`) VALUES ('98', '24', '17', '6', '6395.83', 'NULL', 1, 1, 0, '2022-12-02 09:31:15', '2023-10-13 11:16:28');
INSERT INTO `rental` (`id`, `property_id`, `user_id`, `offer_id`, `rent_value`, `contract_html`, `contract_signed_by_owner`, `contract_signed_by_renter`, `terminated`, `terminated_at`, `created_at`) VALUES ('99', '71', '21', '29', '1519.39', 'NULL', 0, 0, 0, '2023-06-07 15:49:41', '2023-09-11 09:22:02');
INSERT INTO `rental` (`id`, `property_id`, `user_id`, `offer_id`, `rent_value`, `contract_html`, `contract_signed_by_owner`, `contract_signed_by_renter`, `terminated`, `terminated_at`, `created_at`) VALUES ('100', '11', '10', '3', '6763.42', 'NULL', 0, 0, 0, '2022-12-15 15:47:52', '2023-06-29 11:11:54');

INSERT INTO `payment` (`id`, `rental_id`, `rent_value`, `competence_month`, `competence_year`, `status`, `created_at`) VALUES ('1', '92', '9523.40', 6, 2000, 'confirmed', '2023-10-06 15:32:15');
INSERT INTO `payment` (`id`, `rental_id`, `rent_value`, `competence_month`, `competence_year`, `status`, `created_at`) VALUES ('2', '4', '3036.63', 8, 1976, 'rejected', '2023-06-29 15:44:01');
INSERT INTO `payment` (`id`, `rental_id`, `rent_value`, `competence_month`, `competence_year`, `status`, `created_at`) VALUES ('3', '17', '3231.45', 2, 2023, 'confirmed', '2023-03-25 05:05:47');
INSERT INTO `payment` (`id`, `rental_id`, `rent_value`, `competence_month`, `competence_year`, `status`, `created_at`) VALUES ('4', '88', '8752.31', 11, 2013, 'rejected', '2022-12-16 11:58:47');
INSERT INTO `payment` (`id`, `rental_id`, `rent_value`, `competence_month`, `competence_year`, `status`, `created_at`) VALUES ('5', '42', '8974.69', 6, 1994, 'allegedly_paid', '2023-09-14 12:15:04');
INSERT INTO `payment` (`id`, `rental_id`, `rent_value`, `competence_month`, `competence_year`, `status`, `created_at`) VALUES ('6', '27', '8963.26', 5, 2000, 'confirmed', '2023-07-09 15:19:21');
INSERT INTO `payment` (`id`, `rental_id`, `rent_value`, `competence_month`, `competence_year`, `status`, `created_at`) VALUES ('7', '91', '7751.77', 1, 1994, 'allegedly_paid', '2023-07-26 04:09:49');
INSERT INTO `payment` (`id`, `rental_id`, `rent_value`, `competence_month`, `competence_year`, `status`, `created_at`) VALUES ('8', '72', '3515.26', 7, 1981, 'allegedly_paid', '2023-10-27 15:52:04');
INSERT INTO `payment` (`id`, `rental_id`, `rent_value`, `competence_month`, `competence_year`, `status`, `created_at`) VALUES ('9', '94', '5821.38', 12, 1988, 'allegedly_paid', '2023-10-03 18:26:17');
INSERT INTO `payment` (`id`, `rental_id`, `rent_value`, `competence_month`, `competence_year`, `status`, `created_at`) VALUES ('10', '37', '2001.26', 2, 1991, 'allegedly_paid', '2023-02-22 19:41:51');
INSERT INTO `payment` (`id`, `rental_id`, `rent_value`, `competence_month`, `competence_year`, `status`, `created_at`) VALUES ('11', '92', '4784.28', 5, 1970, 'rejected', '2023-05-11 05:00:11');
INSERT INTO `payment` (`id`, `rental_id`, `rent_value`, `competence_month`, `competence_year`, `status`, `created_at`) VALUES ('12', '64', '7540.08', 2, 1990, 'confirmed', '2023-07-17 04:41:34');
INSERT INTO `payment` (`id`, `rental_id`, `rent_value`, `competence_month`, `competence_year`, `status`, `created_at`) VALUES ('13', '100', '4946.31', 4, 2002, 'confirmed', '2023-11-06 23:48:20');
INSERT INTO `payment` (`id`, `rental_id`, `rent_value`, `competence_month`, `competence_year`, `status`, `created_at`) VALUES ('14', '80', '7542.86', 5, 1996, 'rejected', '2023-03-01 07:15:50');
INSERT INTO `payment` (`id`, `rental_id`, `rent_value`, `competence_month`, `competence_year`, `status`, `created_at`) VALUES ('15', '8', '7712.36', 2, 1986, 'allegedly_paid', '2023-01-08 01:39:38');
INSERT INTO `payment` (`id`, `rental_id`, `rent_value`, `competence_month`, `competence_year`, `status`, `created_at`) VALUES ('16', '25', '1688.68', 2, 1985, 'allegedly_paid', '2023-02-10 14:06:02');
INSERT INTO `payment` (`id`, `rental_id`, `rent_value`, `competence_month`, `competence_year`, `status`, `created_at`) VALUES ('17', '38', '8815.10', 9, 1997, 'rejected', '2022-12-25 05:45:28');
INSERT INTO `payment` (`id`, `rental_id`, `rent_value`, `competence_month`, `competence_year`, `status`, `created_at`) VALUES ('18', '59', '5127.77', 6, 2022, 'confirmed', '2023-01-20 03:03:50');
INSERT INTO `payment` (`id`, `rental_id`, `rent_value`, `competence_month`, `competence_year`, `status`, `created_at`) VALUES ('19', '9', '7614.87', 7, 2000, 'confirmed', '2023-07-03 17:54:58');
INSERT INTO `payment` (`id`, `rental_id`, `rent_value`, `competence_month`, `competence_year`, `status`, `created_at`) VALUES ('20', '94', '5219.10', 12, 1974, 'allegedly_paid', '2023-02-28 20:56:08');
INSERT INTO `payment` (`id`, `rental_id`, `rent_value`, `competence_month`, `competence_year`, `status`, `created_at`) VALUES ('21', '3', '1852.41', 12, 2013, 'confirmed', '2023-01-29 09:13:34');
INSERT INTO `payment` (`id`, `rental_id`, `rent_value`, `competence_month`, `competence_year`, `status`, `created_at`) VALUES ('22', '13', '5106.44', 11, 2023, 'confirmed', '2023-08-19 19:42:15');
INSERT INTO `payment` (`id`, `rental_id`, `rent_value`, `competence_month`, `competence_year`, `status`, `created_at`) VALUES ('23', '71', '1897.74', 12, 2015, 'confirmed', '2023-07-25 09:51:29');
INSERT INTO `payment` (`id`, `rental_id`, `rent_value`, `competence_month`, `competence_year`, `status`, `created_at`) VALUES ('24', '68', '2456.73', 10, 1987, 'rejected', '2023-01-24 21:55:36');
INSERT INTO `payment` (`id`, `rental_id`, `rent_value`, `competence_month`, `competence_year`, `status`, `created_at`) VALUES ('25', '95', '5408.31', 1, 2009, 'confirmed', '2023-11-03 20:44:32');
INSERT INTO `payment` (`id`, `rental_id`, `rent_value`, `competence_month`, `competence_year`, `status`, `created_at`) VALUES ('26', '22', '4377.03', 12, 1999, 'rejected', '2023-06-19 13:44:29');
INSERT INTO `payment` (`id`, `rental_id`, `rent_value`, `competence_month`, `competence_year`, `status`, `created_at`) VALUES ('27', '51', '960.26', 12, 1991, 'rejected', '2022-12-30 22:33:55');
INSERT INTO `payment` (`id`, `rental_id`, `rent_value`, `competence_month`, `competence_year`, `status`, `created_at`) VALUES ('28', '81', '8477.67', 9, 2004, 'allegedly_paid', '2023-04-17 17:29:28');
INSERT INTO `payment` (`id`, `rental_id`, `rent_value`, `competence_month`, `competence_year`, `status`, `created_at`) VALUES ('29', '74', '8397.14', 4, 2016, 'allegedly_paid', '2023-02-21 21:57:45');
INSERT INTO `payment` (`id`, `rental_id`, `rent_value`, `competence_month`, `competence_year`, `status`, `created_at`) VALUES ('30', '45', '7691.82', 12, 1989, 'confirmed', '2023-04-30 17:49:49');
INSERT INTO `payment` (`id`, `rental_id`, `rent_value`, `competence_month`, `competence_year`, `status`, `created_at`) VALUES ('31', '90', '7755.70', 12, 2008, 'allegedly_paid', '2023-01-01 12:39:31');
INSERT INTO `payment` (`id`, `rental_id`, `rent_value`, `competence_month`, `competence_year`, `status`, `created_at`) VALUES ('32', '75', '6355.85', 10, 2021, 'rejected', '2022-11-29 20:13:38');
INSERT INTO `payment` (`id`, `rental_id`, `rent_value`, `competence_month`, `competence_year`, `status`, `created_at`) VALUES ('33', '96', '6048.69', 1, 2001, 'rejected', '2023-09-25 20:51:47');
INSERT INTO `payment` (`id`, `rental_id`, `rent_value`, `competence_month`, `competence_year`, `status`, `created_at`) VALUES ('34', '85', '9459.76', 12, 1975, 'allegedly_paid', '2023-08-04 05:23:18');
INSERT INTO `payment` (`id`, `rental_id`, `rent_value`, `competence_month`, `competence_year`, `status`, `created_at`) VALUES ('35', '39', '2726.12', 3, 2008, 'confirmed', '2022-11-25 09:36:51');
INSERT INTO `payment` (`id`, `rental_id`, `rent_value`, `competence_month`, `competence_year`, `status`, `created_at`) VALUES ('36', '55', '8896.37', 2, 2004, 'rejected', '2023-08-01 15:49:45');
INSERT INTO `payment` (`id`, `rental_id`, `rent_value`, `competence_month`, `competence_year`, `status`, `created_at`) VALUES ('37', '3', '3479.14', 6, 1979, 'confirmed', '2023-08-30 17:11:56');
INSERT INTO `payment` (`id`, `rental_id`, `rent_value`, `competence_month`, `competence_year`, `status`, `created_at`) VALUES ('38', '62', '2743.28', 7, 1999, 'confirmed', '2023-02-04 14:57:40');
INSERT INTO `payment` (`id`, `rental_id`, `rent_value`, `competence_month`, `competence_year`, `status`, `created_at`) VALUES ('39', '55', '6942.02', 3, 2016, 'rejected', '2023-07-26 19:51:11');
INSERT INTO `payment` (`id`, `rental_id`, `rent_value`, `competence_month`, `competence_year`, `status`, `created_at`) VALUES ('40', '96', '5152.58', 6, 2023, 'allegedly_paid', '2023-06-06 20:58:10');
INSERT INTO `payment` (`id`, `rental_id`, `rent_value`, `competence_month`, `competence_year`, `status`, `created_at`) VALUES ('41', '2', '4547.60', 2, 1976, 'rejected', '2023-10-18 10:12:20');
INSERT INTO `payment` (`id`, `rental_id`, `rent_value`, `competence_month`, `competence_year`, `status`, `created_at`) VALUES ('42', '46', '4365.59', 9, 2014, 'confirmed', '2023-06-09 04:50:54');
INSERT INTO `payment` (`id`, `rental_id`, `rent_value`, `competence_month`, `competence_year`, `status`, `created_at`) VALUES ('43', '4', '6875.59', 5, 1979, 'confirmed', '2023-02-07 17:23:02');
INSERT INTO `payment` (`id`, `rental_id`, `rent_value`, `competence_month`, `competence_year`, `status`, `created_at`) VALUES ('44', '52', '1141.66', 12, 1975, 'allegedly_paid', '2023-03-30 20:37:01');
INSERT INTO `payment` (`id`, `rental_id`, `rent_value`, `competence_month`, `competence_year`, `status`, `created_at`) VALUES ('45', '5', '6975.38', 1, 1993, 'confirmed', '2023-10-30 07:56:42');
INSERT INTO `payment` (`id`, `rental_id`, `rent_value`, `competence_month`, `competence_year`, `status`, `created_at`) VALUES ('46', '70', '8713.33', 6, 2000, 'allegedly_paid', '2023-08-16 18:13:05');
INSERT INTO `payment` (`id`, `rental_id`, `rent_value`, `competence_month`, `competence_year`, `status`, `created_at`) VALUES ('47', '76', '7552.57', 1, 1986, 'rejected', '2023-05-30 16:39:04');
INSERT INTO `payment` (`id`, `rental_id`, `rent_value`, `competence_month`, `competence_year`, `status`, `created_at`) VALUES ('48', '84', '5079.75', 2, 2021, 'allegedly_paid', '2023-08-25 02:44:52');
INSERT INTO `payment` (`id`, `rental_id`, `rent_value`, `competence_month`, `competence_year`, `status`, `created_at`) VALUES ('49', '26', '7056.36', 1, 2015, 'confirmed', '2022-12-23 01:35:40');
INSERT INTO `payment` (`id`, `rental_id`, `rent_value`, `competence_month`, `competence_year`, `status`, `created_at`) VALUES ('50', '27', '7817.91', 6, 1974, 'rejected', '2023-04-09 21:48:25');
INSERT INTO `payment` (`id`, `rental_id`, `rent_value`, `competence_month`, `competence_year`, `status`, `created_at`) VALUES ('51', '8', '3047.89', 9, 2017, 'confirmed', '2023-10-20 08:13:24');
INSERT INTO `payment` (`id`, `rental_id`, `rent_value`, `competence_month`, `competence_year`, `status`, `created_at`) VALUES ('52', '95', '9902.32', 9, 2013, 'rejected', '2023-11-11 20:11:56');
INSERT INTO `payment` (`id`, `rental_id`, `rent_value`, `competence_month`, `competence_year`, `status`, `created_at`) VALUES ('53', '14', '3959.99', 2, 2021, 'confirmed', '2023-04-01 18:20:00');
INSERT INTO `payment` (`id`, `rental_id`, `rent_value`, `competence_month`, `competence_year`, `status`, `created_at`) VALUES ('54', '88', '6219.61', 2, 2020, 'rejected', '2023-11-14 07:11:00');
INSERT INTO `payment` (`id`, `rental_id`, `rent_value`, `competence_month`, `competence_year`, `status`, `created_at`) VALUES ('55', '29', '811.91', 6, 1978, 'allegedly_paid', '2023-08-05 03:15:17');
INSERT INTO `payment` (`id`, `rental_id`, `rent_value`, `competence_month`, `competence_year`, `status`, `created_at`) VALUES ('56', '46', '5932.16', 7, 2005, 'rejected', '2023-10-18 18:19:54');
INSERT INTO `payment` (`id`, `rental_id`, `rent_value`, `competence_month`, `competence_year`, `status`, `created_at`) VALUES ('57', '9', '7065.71', 1, 2020, 'rejected', '2023-10-13 19:02:12');
INSERT INTO `payment` (`id`, `rental_id`, `rent_value`, `competence_month`, `competence_year`, `status`, `created_at`) VALUES ('58', '40', '1312.66', 10, 2017, 'allegedly_paid', '2023-08-07 18:36:34');
INSERT INTO `payment` (`id`, `rental_id`, `rent_value`, `competence_month`, `competence_year`, `status`, `created_at`) VALUES ('59', '38', '5437.12', 3, 2001, 'confirmed', '2023-01-19 18:57:05');
INSERT INTO `payment` (`id`, `rental_id`, `rent_value`, `competence_month`, `competence_year`, `status`, `created_at`) VALUES ('60', '70', '1259.27', 8, 2005, 'confirmed', '2023-05-08 18:26:54');
INSERT INTO `payment` (`id`, `rental_id`, `rent_value`, `competence_month`, `competence_year`, `status`, `created_at`) VALUES ('61', '4', '1812.64', 5, 1988, 'allegedly_paid', '2023-03-30 00:27:33');
INSERT INTO `payment` (`id`, `rental_id`, `rent_value`, `competence_month`, `competence_year`, `status`, `created_at`) VALUES ('62', '20', '1604.70', 4, 2022, 'confirmed', '2023-03-02 09:51:25');
INSERT INTO `payment` (`id`, `rental_id`, `rent_value`, `competence_month`, `competence_year`, `status`, `created_at`) VALUES ('63', '94', '4370.99', 12, 2004, 'allegedly_paid', '2023-08-28 11:57:03');
INSERT INTO `payment` (`id`, `rental_id`, `rent_value`, `competence_month`, `competence_year`, `status`, `created_at`) VALUES ('64', '55', '9768.20', 3, 2010, 'allegedly_paid', '2023-10-20 03:30:29');
INSERT INTO `payment` (`id`, `rental_id`, `rent_value`, `competence_month`, `competence_year`, `status`, `created_at`) VALUES ('65', '95', '5927.64', 9, 2018, 'rejected', '2023-04-21 13:53:46');
INSERT INTO `payment` (`id`, `rental_id`, `rent_value`, `competence_month`, `competence_year`, `status`, `created_at`) VALUES ('66', '92', '6277.25', 1, 2006, 'confirmed', '2023-09-16 08:27:33');
INSERT INTO `payment` (`id`, `rental_id`, `rent_value`, `competence_month`, `competence_year`, `status`, `created_at`) VALUES ('67', '81', '2843.62', 2, 1975, 'rejected', '2023-05-09 13:55:05');
INSERT INTO `payment` (`id`, `rental_id`, `rent_value`, `competence_month`, `competence_year`, `status`, `created_at`) VALUES ('68', '58', '5198.85', 5, 1977, 'rejected', '2022-12-21 18:11:58');
INSERT INTO `payment` (`id`, `rental_id`, `rent_value`, `competence_month`, `competence_year`, `status`, `created_at`) VALUES ('69', '74', '6468.44', 12, 2005, 'allegedly_paid', '2023-04-30 12:40:25');
INSERT INTO `payment` (`id`, `rental_id`, `rent_value`, `competence_month`, `competence_year`, `status`, `created_at`) VALUES ('70', '65', '9386.25', 7, 1988, 'allegedly_paid', '2023-01-26 13:16:05');
INSERT INTO `payment` (`id`, `rental_id`, `rent_value`, `competence_month`, `competence_year`, `status`, `created_at`) VALUES ('71', '16', '8227.01', 9, 2008, 'confirmed', '2022-11-29 03:07:13');
INSERT INTO `payment` (`id`, `rental_id`, `rent_value`, `competence_month`, `competence_year`, `status`, `created_at`) VALUES ('72', '91', '848.67', 12, 2020, 'rejected', '2023-05-25 01:14:11');
INSERT INTO `payment` (`id`, `rental_id`, `rent_value`, `competence_month`, `competence_year`, `status`, `created_at`) VALUES ('73', '66', '2401.05', 11, 2015, 'confirmed', '2023-07-25 11:58:31');
INSERT INTO `payment` (`id`, `rental_id`, `rent_value`, `competence_month`, `competence_year`, `status`, `created_at`) VALUES ('74', '65', '8869.36', 9, 1978, 'rejected', '2023-09-04 19:28:35');
INSERT INTO `payment` (`id`, `rental_id`, `rent_value`, `competence_month`, `competence_year`, `status`, `created_at`) VALUES ('75', '92', '6048.23', 11, 2022, 'allegedly_paid', '2023-06-03 11:07:58');
INSERT INTO `payment` (`id`, `rental_id`, `rent_value`, `competence_month`, `competence_year`, `status`, `created_at`) VALUES ('76', '25', '6992.55', 7, 1989, 'rejected', '2023-08-12 06:31:50');
INSERT INTO `payment` (`id`, `rental_id`, `rent_value`, `competence_month`, `competence_year`, `status`, `created_at`) VALUES ('77', '39', '2943.08', 4, 1972, 'rejected', '2023-09-26 20:49:30');
INSERT INTO `payment` (`id`, `rental_id`, `rent_value`, `competence_month`, `competence_year`, `status`, `created_at`) VALUES ('78', '8', '9375.14', 2, 2003, 'rejected', '2022-12-15 22:24:03');
INSERT INTO `payment` (`id`, `rental_id`, `rent_value`, `competence_month`, `competence_year`, `status`, `created_at`) VALUES ('79', '26', '4954.42', 6, 1998, 'allegedly_paid', '2023-04-03 17:50:44');
INSERT INTO `payment` (`id`, `rental_id`, `rent_value`, `competence_month`, `competence_year`, `status`, `created_at`) VALUES ('80', '14', '7417.53', 12, 2000, 'confirmed', '2023-09-07 03:52:12');
INSERT INTO `payment` (`id`, `rental_id`, `rent_value`, `competence_month`, `competence_year`, `status`, `created_at`) VALUES ('81', '5', '5356.52', 12, 1991, 'rejected', '2023-01-30 03:53:17');
INSERT INTO `payment` (`id`, `rental_id`, `rent_value`, `competence_month`, `competence_year`, `status`, `created_at`) VALUES ('82', '65', '8536.84', 11, 1997, 'confirmed', '2023-02-06 20:18:38');
INSERT INTO `payment` (`id`, `rental_id`, `rent_value`, `competence_month`, `competence_year`, `status`, `created_at`) VALUES ('83', '60', '1834.90', 5, 2021, 'confirmed', '2023-10-30 00:01:19');
INSERT INTO `payment` (`id`, `rental_id`, `rent_value`, `competence_month`, `competence_year`, `status`, `created_at`) VALUES ('84', '44', '4426.72', 3, 1993, 'rejected', '2023-02-05 05:44:40');
INSERT INTO `payment` (`id`, `rental_id`, `rent_value`, `competence_month`, `competence_year`, `status`, `created_at`) VALUES ('85', '46', '2149.59', 3, 1991, 'confirmed', '2023-03-23 23:59:31');
INSERT INTO `payment` (`id`, `rental_id`, `rent_value`, `competence_month`, `competence_year`, `status`, `created_at`) VALUES ('86', '11', '2949.06', 11, 2021, 'rejected', '2023-09-08 01:19:10');
INSERT INTO `payment` (`id`, `rental_id`, `rent_value`, `competence_month`, `competence_year`, `status`, `created_at`) VALUES ('87', '90', '6026.53', 8, 1987, 'allegedly_paid', '2023-02-15 15:51:38');
INSERT INTO `payment` (`id`, `rental_id`, `rent_value`, `competence_month`, `competence_year`, `status`, `created_at`) VALUES ('88', '62', '3956.70', 10, 1982, 'allegedly_paid', '2023-07-05 21:29:58');
INSERT INTO `payment` (`id`, `rental_id`, `rent_value`, `competence_month`, `competence_year`, `status`, `created_at`) VALUES ('89', '96', '5283.83', 2, 2003, 'rejected', '2022-11-23 13:52:13');
INSERT INTO `payment` (`id`, `rental_id`, `rent_value`, `competence_month`, `competence_year`, `status`, `created_at`) VALUES ('90', '93', '1265.74', 7, 1977, 'allegedly_paid', '2023-11-14 09:22:23');
INSERT INTO `payment` (`id`, `rental_id`, `rent_value`, `competence_month`, `competence_year`, `status`, `created_at`) VALUES ('91', '90', '7047.52', 11, 2016, 'rejected', '2023-10-01 06:02:35');
INSERT INTO `payment` (`id`, `rental_id`, `rent_value`, `competence_month`, `competence_year`, `status`, `created_at`) VALUES ('92', '91', '3313.56', 6, 1989, 'rejected', '2023-03-03 13:46:15');
INSERT INTO `payment` (`id`, `rental_id`, `rent_value`, `competence_month`, `competence_year`, `status`, `created_at`) VALUES ('93', '17', '7603.79', 1, 1971, 'rejected', '2023-03-28 12:22:15');
INSERT INTO `payment` (`id`, `rental_id`, `rent_value`, `competence_month`, `competence_year`, `status`, `created_at`) VALUES ('94', '62', '9369.53', 5, 1971, 'allegedly_paid', '2023-02-27 08:04:40');
INSERT INTO `payment` (`id`, `rental_id`, `rent_value`, `competence_month`, `competence_year`, `status`, `created_at`) VALUES ('95', '20', '816.79', 3, 1985, 'confirmed', '2023-10-18 11:56:55');
INSERT INTO `payment` (`id`, `rental_id`, `rent_value`, `competence_month`, `competence_year`, `status`, `created_at`) VALUES ('96', '82', '8677.81', 8, 2010, 'rejected', '2023-08-04 01:11:21');
INSERT INTO `payment` (`id`, `rental_id`, `rent_value`, `competence_month`, `competence_year`, `status`, `created_at`) VALUES ('97', '56', '5526.77', 2, 2020, 'confirmed', '2023-10-31 09:26:33');
INSERT INTO `payment` (`id`, `rental_id`, `rent_value`, `competence_month`, `competence_year`, `status`, `created_at`) VALUES ('98', '55', '4284.37', 2, 2006, 'rejected', '2022-12-30 22:37:23');
INSERT INTO `payment` (`id`, `rental_id`, `rent_value`, `competence_month`, `competence_year`, `status`, `created_at`) VALUES ('99', '35', '3525.71', 9, 1979, 'confirmed', '2023-02-28 22:44:58');
INSERT INTO `payment` (`id`, `rental_id`, `rent_value`, `competence_month`, `competence_year`, `status`, `created_at`) VALUES ('100', '16', '2050.82', 10, 1970, 'allegedly_paid', '2022-11-23 10:36:29');
INSERT INTO `payment` (`id`, `rental_id`, `rent_value`, `competence_month`, `competence_year`, `status`, `created_at`) VALUES ('101', '67', '5437.80', 6, 2008, 'rejected', '2023-05-24 02:18:45');
INSERT INTO `payment` (`id`, `rental_id`, `rent_value`, `competence_month`, `competence_year`, `status`, `created_at`) VALUES ('102', '4', '2990.77', 12, 2016, 'rejected', '2023-08-21 05:56:08');
INSERT INTO `payment` (`id`, `rental_id`, `rent_value`, `competence_month`, `competence_year`, `status`, `created_at`) VALUES ('103', '45', '6491.99', 4, 2017, 'rejected', '2023-10-17 10:33:23');
INSERT INTO `payment` (`id`, `rental_id`, `rent_value`, `competence_month`, `competence_year`, `status`, `created_at`) VALUES ('104', '61', '7901.33', 1, 2002, 'rejected', '2023-01-11 12:24:42');
INSERT INTO `payment` (`id`, `rental_id`, `rent_value`, `competence_month`, `competence_year`, `status`, `created_at`) VALUES ('105', '44', '3636.63', 11, 1990, 'rejected', '2023-07-06 12:02:21');
INSERT INTO `payment` (`id`, `rental_id`, `rent_value`, `competence_month`, `competence_year`, `status`, `created_at`) VALUES ('106', '38', '7628.39', 1, 1990, 'confirmed', '2023-06-17 11:04:41');
INSERT INTO `payment` (`id`, `rental_id`, `rent_value`, `competence_month`, `competence_year`, `status`, `created_at`) VALUES ('107', '97', '1929.43', 6, 1971, 'allegedly_paid', '2023-08-29 17:26:09');
INSERT INTO `payment` (`id`, `rental_id`, `rent_value`, `competence_month`, `competence_year`, `status`, `created_at`) VALUES ('108', '24', '3252.23', 10, 1970, 'rejected', '2023-09-09 11:30:28');
INSERT INTO `payment` (`id`, `rental_id`, `rent_value`, `competence_month`, `competence_year`, `status`, `created_at`) VALUES ('109', '75', '3820.22', 5, 1983, 'allegedly_paid', '2023-09-18 21:04:00');
INSERT INTO `payment` (`id`, `rental_id`, `rent_value`, `competence_month`, `competence_year`, `status`, `created_at`) VALUES ('110', '78', '6303.76', 4, 2016, 'confirmed', '2023-08-15 17:01:21');
INSERT INTO `payment` (`id`, `rental_id`, `rent_value`, `competence_month`, `competence_year`, `status`, `created_at`) VALUES ('111', '37', '3581.91', 11, 2017, 'confirmed', '2022-11-22 09:57:07');
INSERT INTO `payment` (`id`, `rental_id`, `rent_value`, `competence_month`, `competence_year`, `status`, `created_at`) VALUES ('112', '96', '4440.91', 11, 1976, 'confirmed', '2023-02-23 01:58:43');
INSERT INTO `payment` (`id`, `rental_id`, `rent_value`, `competence_month`, `competence_year`, `status`, `created_at`) VALUES ('113', '15', '4618.15', 9, 2012, 'allegedly_paid', '2023-10-02 15:55:07');
INSERT INTO `payment` (`id`, `rental_id`, `rent_value`, `competence_month`, `competence_year`, `status`, `created_at`) VALUES ('114', '67', '4431.22', 12, 2021, 'confirmed', '2023-03-24 14:22:26');
INSERT INTO `payment` (`id`, `rental_id`, `rent_value`, `competence_month`, `competence_year`, `status`, `created_at`) VALUES ('115', '6', '1087.53', 9, 2011, 'allegedly_paid', '2022-11-30 21:23:19');
INSERT INTO `payment` (`id`, `rental_id`, `rent_value`, `competence_month`, `competence_year`, `status`, `created_at`) VALUES ('116', '50', '2220.63', 9, 2008, 'rejected', '2023-01-18 06:51:32');
INSERT INTO `payment` (`id`, `rental_id`, `rent_value`, `competence_month`, `competence_year`, `status`, `created_at`) VALUES ('117', '43', '939.60', 12, 2001, 'confirmed', '2023-03-14 12:38:31');
INSERT INTO `payment` (`id`, `rental_id`, `rent_value`, `competence_month`, `competence_year`, `status`, `created_at`) VALUES ('118', '84', '4099.43', 1, 2011, 'rejected', '2023-07-08 14:37:19');
INSERT INTO `payment` (`id`, `rental_id`, `rent_value`, `competence_month`, `competence_year`, `status`, `created_at`) VALUES ('119', '6', '6436.75', 2, 2015, 'confirmed', '2022-12-22 12:58:51');
INSERT INTO `payment` (`id`, `rental_id`, `rent_value`, `competence_month`, `competence_year`, `status`, `created_at`) VALUES ('120', '67', '1996.51', 1, 1992, 'confirmed', '2023-06-03 21:44:16');
INSERT INTO `payment` (`id`, `rental_id`, `rent_value`, `competence_month`, `competence_year`, `status`, `created_at`) VALUES ('121', '63', '4068.00', 10, 1993, 'allegedly_paid', '2023-06-30 16:17:14');
INSERT INTO `payment` (`id`, `rental_id`, `rent_value`, `competence_month`, `competence_year`, `status`, `created_at`) VALUES ('122', '99', '3321.33', 10, 1989, 'confirmed', '2023-02-11 11:17:38');
INSERT INTO `payment` (`id`, `rental_id`, `rent_value`, `competence_month`, `competence_year`, `status`, `created_at`) VALUES ('123', '43', '3197.24', 2, 2018, 'rejected', '2023-10-20 06:19:33');
INSERT INTO `payment` (`id`, `rental_id`, `rent_value`, `competence_month`, `competence_year`, `status`, `created_at`) VALUES ('124', '51', '4569.04', 11, 2012, 'rejected', '2023-05-13 20:44:42');
INSERT INTO `payment` (`id`, `rental_id`, `rent_value`, `competence_month`, `competence_year`, `status`, `created_at`) VALUES ('125', '51', '3683.41', 7, 1985, 'rejected', '2022-12-06 03:18:16');
INSERT INTO `payment` (`id`, `rental_id`, `rent_value`, `competence_month`, `competence_year`, `status`, `created_at`) VALUES ('126', '91', '2086.04', 6, 2017, 'rejected', '2022-12-23 09:54:39');
INSERT INTO `payment` (`id`, `rental_id`, `rent_value`, `competence_month`, `competence_year`, `status`, `created_at`) VALUES ('127', '47', '7640.28', 9, 1978, 'confirmed', '2023-06-17 18:38:08');
INSERT INTO `payment` (`id`, `rental_id`, `rent_value`, `competence_month`, `competence_year`, `status`, `created_at`) VALUES ('128', '49', '9719.94', 2, 1990, 'confirmed', '2023-09-01 03:23:49');
INSERT INTO `payment` (`id`, `rental_id`, `rent_value`, `competence_month`, `competence_year`, `status`, `created_at`) VALUES ('129', '69', '1872.20', 4, 1977, 'confirmed', '2023-01-19 09:45:17');
INSERT INTO `payment` (`id`, `rental_id`, `rent_value`, `competence_month`, `competence_year`, `status`, `created_at`) VALUES ('130', '43', '8148.18', 9, 1990, 'allegedly_paid', '2023-10-24 09:13:23');
INSERT INTO `payment` (`id`, `rental_id`, `rent_value`, `competence_month`, `competence_year`, `status`, `created_at`) VALUES ('131', '29', '926.33', 2, 2018, 'allegedly_paid', '2023-01-17 03:13:00');
INSERT INTO `payment` (`id`, `rental_id`, `rent_value`, `competence_month`, `competence_year`, `status`, `created_at`) VALUES ('132', '60', '6202.19', 9, 2007, 'allegedly_paid', '2022-12-20 15:06:19');
INSERT INTO `payment` (`id`, `rental_id`, `rent_value`, `competence_month`, `competence_year`, `status`, `created_at`) VALUES ('133', '84', '6810.59', 1, 2007, 'confirmed', '2022-11-26 21:41:35');
INSERT INTO `payment` (`id`, `rental_id`, `rent_value`, `competence_month`, `competence_year`, `status`, `created_at`) VALUES ('134', '74', '8036.79', 8, 1978, 'confirmed', '2023-11-14 21:27:13');
INSERT INTO `payment` (`id`, `rental_id`, `rent_value`, `competence_month`, `competence_year`, `status`, `created_at`) VALUES ('135', '6', '6337.63', 5, 2007, 'allegedly_paid', '2023-04-01 19:10:07');
INSERT INTO `payment` (`id`, `rental_id`, `rent_value`, `competence_month`, `competence_year`, `status`, `created_at`) VALUES ('136', '50', '9667.68', 12, 1982, 'rejected', '2023-07-17 15:01:09');
INSERT INTO `payment` (`id`, `rental_id`, `rent_value`, `competence_month`, `competence_year`, `status`, `created_at`) VALUES ('137', '70', '6685.69', 10, 1984, 'rejected', '2023-09-28 18:12:33');
INSERT INTO `payment` (`id`, `rental_id`, `rent_value`, `competence_month`, `competence_year`, `status`, `created_at`) VALUES ('138', '3', '2178.88', 10, 1990, 'rejected', '2023-03-26 09:26:23');
INSERT INTO `payment` (`id`, `rental_id`, `rent_value`, `competence_month`, `competence_year`, `status`, `created_at`) VALUES ('139', '54', '2002.09', 3, 1994, 'rejected', '2023-01-28 09:56:15');
INSERT INTO `payment` (`id`, `rental_id`, `rent_value`, `competence_month`, `competence_year`, `status`, `created_at`) VALUES ('140', '49', '8843.58', 11, 1991, 'allegedly_paid', '2023-08-17 13:13:57');
INSERT INTO `payment` (`id`, `rental_id`, `rent_value`, `competence_month`, `competence_year`, `status`, `created_at`) VALUES ('141', '47', '4790.55', 6, 2005, 'confirmed', '2023-03-17 16:46:28');
INSERT INTO `payment` (`id`, `rental_id`, `rent_value`, `competence_month`, `competence_year`, `status`, `created_at`) VALUES ('142', '76', '1045.94', 10, 2015, 'allegedly_paid', '2023-06-22 06:20:21');
INSERT INTO `payment` (`id`, `rental_id`, `rent_value`, `competence_month`, `competence_year`, `status`, `created_at`) VALUES ('143', '69', '7135.97', 10, 2000, 'rejected', '2023-04-02 08:46:23');
INSERT INTO `payment` (`id`, `rental_id`, `rent_value`, `competence_month`, `competence_year`, `status`, `created_at`) VALUES ('144', '14', '2239.82', 1, 1991, 'rejected', '2023-01-30 13:37:32');
INSERT INTO `payment` (`id`, `rental_id`, `rent_value`, `competence_month`, `competence_year`, `status`, `created_at`) VALUES ('145', '43', '6889.71', 6, 1978, 'confirmed', '2023-03-02 12:43:11');
INSERT INTO `payment` (`id`, `rental_id`, `rent_value`, `competence_month`, `competence_year`, `status`, `created_at`) VALUES ('146', '88', '3652.39', 5, 1992, 'rejected', '2023-05-27 18:40:50');
INSERT INTO `payment` (`id`, `rental_id`, `rent_value`, `competence_month`, `competence_year`, `status`, `created_at`) VALUES ('147', '28', '3134.16', 1, 2021, 'confirmed', '2023-05-07 06:35:58');
INSERT INTO `payment` (`id`, `rental_id`, `rent_value`, `competence_month`, `competence_year`, `status`, `created_at`) VALUES ('148', '13', '3203.63', 7, 1995, 'confirmed', '2023-01-10 07:28:43');
INSERT INTO `payment` (`id`, `rental_id`, `rent_value`, `competence_month`, `competence_year`, `status`, `created_at`) VALUES ('149', '100', '3449.57', 4, 2019, 'confirmed', '2023-08-13 19:26:07');
INSERT INTO `payment` (`id`, `rental_id`, `rent_value`, `competence_month`, `competence_year`, `status`, `created_at`) VALUES ('150', '77', '5924.31', 3, 1971, 'confirmed', '2023-07-03 19:04:10');
INSERT INTO `payment` (`id`, `rental_id`, `rent_value`, `competence_month`, `competence_year`, `status`, `created_at`) VALUES ('151', '26', '7135.03', 6, 2022, 'rejected', '2023-08-11 22:44:43');
INSERT INTO `payment` (`id`, `rental_id`, `rent_value`, `competence_month`, `competence_year`, `status`, `created_at`) VALUES ('152', '77', '5872.81', 7, 1976, 'rejected', '2023-03-18 20:16:09');
INSERT INTO `payment` (`id`, `rental_id`, `rent_value`, `competence_month`, `competence_year`, `status`, `created_at`) VALUES ('153', '87', '7051.81', 12, 1990, 'confirmed', '2023-03-27 11:29:05');
INSERT INTO `payment` (`id`, `rental_id`, `rent_value`, `competence_month`, `competence_year`, `status`, `created_at`) VALUES ('154', '28', '5639.96', 1, 1989, 'confirmed', '2023-07-07 13:47:33');
INSERT INTO `payment` (`id`, `rental_id`, `rent_value`, `competence_month`, `competence_year`, `status`, `created_at`) VALUES ('155', '78', '8793.38', 7, 1971, 'rejected', '2023-09-14 00:28:31');
INSERT INTO `payment` (`id`, `rental_id`, `rent_value`, `competence_month`, `competence_year`, `status`, `created_at`) VALUES ('156', '45', '1696.29', 12, 2009, 'rejected', '2023-10-06 05:25:44');
INSERT INTO `payment` (`id`, `rental_id`, `rent_value`, `competence_month`, `competence_year`, `status`, `created_at`) VALUES ('157', '96', '6291.05', 8, 2020, 'allegedly_paid', '2023-08-10 13:14:35');
INSERT INTO `payment` (`id`, `rental_id`, `rent_value`, `competence_month`, `competence_year`, `status`, `created_at`) VALUES ('158', '99', '3241.18', 5, 2010, 'confirmed', '2023-03-14 05:41:13');
INSERT INTO `payment` (`id`, `rental_id`, `rent_value`, `competence_month`, `competence_year`, `status`, `created_at`) VALUES ('159', '37', '6534.05', 2, 2022, 'confirmed', '2023-06-18 06:04:30');
INSERT INTO `payment` (`id`, `rental_id`, `rent_value`, `competence_month`, `competence_year`, `status`, `created_at`) VALUES ('160', '17', '4712.81', 4, 1978, 'allegedly_paid', '2023-02-08 04:35:06');
INSERT INTO `payment` (`id`, `rental_id`, `rent_value`, `competence_month`, `competence_year`, `status`, `created_at`) VALUES ('161', '99', '6638.26', 6, 1982, 'confirmed', '2023-04-30 16:04:58');
INSERT INTO `payment` (`id`, `rental_id`, `rent_value`, `competence_month`, `competence_year`, `status`, `created_at`) VALUES ('162', '7', '3104.70', 10, 1988, 'confirmed', '2023-09-24 17:37:40');
INSERT INTO `payment` (`id`, `rental_id`, `rent_value`, `competence_month`, `competence_year`, `status`, `created_at`) VALUES ('163', '26', '1948.64', 6, 1974, 'allegedly_paid', '2023-06-03 10:36:55');
INSERT INTO `payment` (`id`, `rental_id`, `rent_value`, `competence_month`, `competence_year`, `status`, `created_at`) VALUES ('164', '7', '3535.25', 11, 1976, 'allegedly_paid', '2023-02-21 18:29:43');
INSERT INTO `payment` (`id`, `rental_id`, `rent_value`, `competence_month`, `competence_year`, `status`, `created_at`) VALUES ('165', '78', '2164.43', 11, 1993, 'confirmed', '2023-02-14 14:38:04');
INSERT INTO `payment` (`id`, `rental_id`, `rent_value`, `competence_month`, `competence_year`, `status`, `created_at`) VALUES ('166', '32', '5934.83', 3, 1974, 'rejected', '2023-04-06 14:10:55');
INSERT INTO `payment` (`id`, `rental_id`, `rent_value`, `competence_month`, `competence_year`, `status`, `created_at`) VALUES ('167', '85', '6859.62', 6, 1997, 'allegedly_paid', '2023-03-29 10:53:35');
INSERT INTO `payment` (`id`, `rental_id`, `rent_value`, `competence_month`, `competence_year`, `status`, `created_at`) VALUES ('168', '13', '9578.27', 6, 2022, 'rejected', '2022-11-30 20:40:51');
INSERT INTO `payment` (`id`, `rental_id`, `rent_value`, `competence_month`, `competence_year`, `status`, `created_at`) VALUES ('169', '13', '3020.83', 5, 2003, 'confirmed', '2023-08-26 21:20:37');
INSERT INTO `payment` (`id`, `rental_id`, `rent_value`, `competence_month`, `competence_year`, `status`, `created_at`) VALUES ('170', '38', '9546.65', 10, 2000, 'rejected', '2023-06-09 23:57:06');
INSERT INTO `payment` (`id`, `rental_id`, `rent_value`, `competence_month`, `competence_year`, `status`, `created_at`) VALUES ('171', '100', '1569.12', 9, 2019, 'confirmed', '2023-10-03 04:28:52');
INSERT INTO `payment` (`id`, `rental_id`, `rent_value`, `competence_month`, `competence_year`, `status`, `created_at`) VALUES ('172', '84', '5978.22', 2, 2020, 'rejected', '2023-10-19 13:01:27');
INSERT INTO `payment` (`id`, `rental_id`, `rent_value`, `competence_month`, `competence_year`, `status`, `created_at`) VALUES ('173', '88', '2487.07', 2, 2007, 'rejected', '2023-06-09 14:19:54');
INSERT INTO `payment` (`id`, `rental_id`, `rent_value`, `competence_month`, `competence_year`, `status`, `created_at`) VALUES ('174', '67', '6346.35', 7, 2019, 'rejected', '2022-12-26 11:23:05');
INSERT INTO `payment` (`id`, `rental_id`, `rent_value`, `competence_month`, `competence_year`, `status`, `created_at`) VALUES ('175', '50', '3707.48', 2, 1971, 'rejected', '2023-02-22 21:48:32');
INSERT INTO `payment` (`id`, `rental_id`, `rent_value`, `competence_month`, `competence_year`, `status`, `created_at`) VALUES ('176', '32', '1514.47', 4, 1997, 'confirmed', '2023-02-09 02:48:02');
INSERT INTO `payment` (`id`, `rental_id`, `rent_value`, `competence_month`, `competence_year`, `status`, `created_at`) VALUES ('177', '45', '9216.53', 4, 1985, 'allegedly_paid', '2023-02-06 19:45:11');
INSERT INTO `payment` (`id`, `rental_id`, `rent_value`, `competence_month`, `competence_year`, `status`, `created_at`) VALUES ('178', '90', '8858.83', 11, 1987, 'allegedly_paid', '2022-11-27 22:06:13');
INSERT INTO `payment` (`id`, `rental_id`, `rent_value`, `competence_month`, `competence_year`, `status`, `created_at`) VALUES ('179', '98', '4846.88', 6, 2001, 'confirmed', '2023-06-15 12:29:00');
INSERT INTO `payment` (`id`, `rental_id`, `rent_value`, `competence_month`, `competence_year`, `status`, `created_at`) VALUES ('180', '47', '5166.19', 8, 1983, 'rejected', '2023-02-14 20:21:00');
INSERT INTO `payment` (`id`, `rental_id`, `rent_value`, `competence_month`, `competence_year`, `status`, `created_at`) VALUES ('181', '43', '8209.46', 1, 1971, 'allegedly_paid', '2023-08-10 12:10:04');
INSERT INTO `payment` (`id`, `rental_id`, `rent_value`, `competence_month`, `competence_year`, `status`, `created_at`) VALUES ('182', '55', '6434.81', 8, 2015, 'allegedly_paid', '2023-08-14 11:09:56');
INSERT INTO `payment` (`id`, `rental_id`, `rent_value`, `competence_month`, `competence_year`, `status`, `created_at`) VALUES ('183', '4', '8993.19', 4, 1999, 'rejected', '2023-07-02 17:46:51');
INSERT INTO `payment` (`id`, `rental_id`, `rent_value`, `competence_month`, `competence_year`, `status`, `created_at`) VALUES ('184', '14', '9038.91', 7, 1972, 'allegedly_paid', '2023-07-21 21:00:43');
INSERT INTO `payment` (`id`, `rental_id`, `rent_value`, `competence_month`, `competence_year`, `status`, `created_at`) VALUES ('185', '95', '2659.14', 12, 1983, 'confirmed', '2023-01-03 18:53:19');
INSERT INTO `payment` (`id`, `rental_id`, `rent_value`, `competence_month`, `competence_year`, `status`, `created_at`) VALUES ('186', '6', '941.17', 3, 2019, 'allegedly_paid', '2023-01-03 11:29:30');
INSERT INTO `payment` (`id`, `rental_id`, `rent_value`, `competence_month`, `competence_year`, `status`, `created_at`) VALUES ('187', '17', '9765.05', 3, 1990, 'confirmed', '2023-04-07 11:19:15');
INSERT INTO `payment` (`id`, `rental_id`, `rent_value`, `competence_month`, `competence_year`, `status`, `created_at`) VALUES ('188', '6', '9336.40', 12, 2012, 'allegedly_paid', '2023-03-05 09:39:23');
INSERT INTO `payment` (`id`, `rental_id`, `rent_value`, `competence_month`, `competence_year`, `status`, `created_at`) VALUES ('189', '78', '3822.15', 9, 1996, 'confirmed', '2023-04-21 01:24:23');
INSERT INTO `payment` (`id`, `rental_id`, `rent_value`, `competence_month`, `competence_year`, `status`, `created_at`) VALUES ('190', '89', '8239.97', 8, 2022, 'rejected', '2023-03-21 19:15:36');
INSERT INTO `payment` (`id`, `rental_id`, `rent_value`, `competence_month`, `competence_year`, `status`, `created_at`) VALUES ('191', '95', '6264.37', 2, 2020, 'confirmed', '2023-11-03 16:17:50');
INSERT INTO `payment` (`id`, `rental_id`, `rent_value`, `competence_month`, `competence_year`, `status`, `created_at`) VALUES ('192', '18', '6076.86', 4, 1981, 'confirmed', '2023-07-06 19:21:53');
INSERT INTO `payment` (`id`, `rental_id`, `rent_value`, `competence_month`, `competence_year`, `status`, `created_at`) VALUES ('193', '98', '4331.13', 4, 2012, 'allegedly_paid', '2023-02-28 15:55:46');
INSERT INTO `payment` (`id`, `rental_id`, `rent_value`, `competence_month`, `competence_year`, `status`, `created_at`) VALUES ('194', '81', '6489.15', 11, 1995, 'confirmed', '2023-08-16 13:34:43');
INSERT INTO `payment` (`id`, `rental_id`, `rent_value`, `competence_month`, `competence_year`, `status`, `created_at`) VALUES ('195', '60', '5079.60', 1, 1971, 'rejected', '2023-03-26 10:16:03');
INSERT INTO `payment` (`id`, `rental_id`, `rent_value`, `competence_month`, `competence_year`, `status`, `created_at`) VALUES ('196', '18', '8100.97', 7, 1982, 'allegedly_paid', '2023-01-05 01:08:51');
INSERT INTO `payment` (`id`, `rental_id`, `rent_value`, `competence_month`, `competence_year`, `status`, `created_at`) VALUES ('197', '66', '4268.83', 4, 1977, 'confirmed', '2023-09-11 21:58:11');
INSERT INTO `payment` (`id`, `rental_id`, `rent_value`, `competence_month`, `competence_year`, `status`, `created_at`) VALUES ('198', '93', '1207.44', 8, 2006, 'rejected', '2023-05-10 13:27:22');
INSERT INTO `payment` (`id`, `rental_id`, `rent_value`, `competence_month`, `competence_year`, `status`, `created_at`) VALUES ('199', '64', '3985.51', 11, 1994, 'confirmed', '2023-05-06 03:37:47');
INSERT INTO `payment` (`id`, `rental_id`, `rent_value`, `competence_month`, `competence_year`, `status`, `created_at`) VALUES ('200', '50', '8675.02', 8, 2003, 'rejected', '2023-03-17 14:04:49');
INSERT INTO `payment` (`id`, `rental_id`, `rent_value`, `competence_month`, `competence_year`, `status`, `created_at`) VALUES ('201', '100', '5084.40', 2, 2014, 'allegedly_paid', '2023-01-29 20:51:10');
INSERT INTO `payment` (`id`, `rental_id`, `rent_value`, `competence_month`, `competence_year`, `status`, `created_at`) VALUES ('202', '21', '9536.72', 5, 2022, 'confirmed', '2023-07-02 04:38:04');
INSERT INTO `payment` (`id`, `rental_id`, `rent_value`, `competence_month`, `competence_year`, `status`, `created_at`) VALUES ('203', '23', '4878.34', 10, 2014, 'rejected', '2023-05-21 05:39:50');
INSERT INTO `payment` (`id`, `rental_id`, `rent_value`, `competence_month`, `competence_year`, `status`, `created_at`) VALUES ('204', '67', '7022.03', 4, 2006, 'allegedly_paid', '2023-08-12 07:54:32');
INSERT INTO `payment` (`id`, `rental_id`, `rent_value`, `competence_month`, `competence_year`, `status`, `created_at`) VALUES ('205', '10', '3445.53', 11, 1984, 'rejected', '2023-09-18 08:07:59');
INSERT INTO `payment` (`id`, `rental_id`, `rent_value`, `competence_month`, `competence_year`, `status`, `created_at`) VALUES ('206', '94', '7858.73', 10, 1983, 'confirmed', '2023-03-10 07:53:32');
INSERT INTO `payment` (`id`, `rental_id`, `rent_value`, `competence_month`, `competence_year`, `status`, `created_at`) VALUES ('207', '69', '7208.78', 2, 2001, 'rejected', '2023-06-24 03:33:35');
INSERT INTO `payment` (`id`, `rental_id`, `rent_value`, `competence_month`, `competence_year`, `status`, `created_at`) VALUES ('208', '41', '9979.71', 1, 1970, 'allegedly_paid', '2023-01-13 05:51:08');
INSERT INTO `payment` (`id`, `rental_id`, `rent_value`, `competence_month`, `competence_year`, `status`, `created_at`) VALUES ('209', '76', '4156.76', 10, 1988, 'rejected', '2023-01-23 18:17:08');
INSERT INTO `payment` (`id`, `rental_id`, `rent_value`, `competence_month`, `competence_year`, `status`, `created_at`) VALUES ('210', '50', '8451.00', 11, 2007, 'confirmed', '2023-02-03 07:15:18');
INSERT INTO `payment` (`id`, `rental_id`, `rent_value`, `competence_month`, `competence_year`, `status`, `created_at`) VALUES ('211', '4', '5450.33', 9, 1999, 'confirmed', '2023-03-09 05:39:04');
INSERT INTO `payment` (`id`, `rental_id`, `rent_value`, `competence_month`, `competence_year`, `status`, `created_at`) VALUES ('212', '81', '5273.51', 1, 2017, 'allegedly_paid', '2022-12-23 03:47:20');
INSERT INTO `payment` (`id`, `rental_id`, `rent_value`, `competence_month`, `competence_year`, `status`, `created_at`) VALUES ('213', '68', '1004.47', 4, 1970, 'rejected', '2023-01-08 07:57:05');
INSERT INTO `payment` (`id`, `rental_id`, `rent_value`, `competence_month`, `competence_year`, `status`, `created_at`) VALUES ('214', '34', '7513.39', 12, 1985, 'confirmed', '2023-01-16 14:55:31');
INSERT INTO `payment` (`id`, `rental_id`, `rent_value`, `competence_month`, `competence_year`, `status`, `created_at`) VALUES ('215', '7', '9561.61', 12, 1973, 'rejected', '2023-07-12 12:01:57');
INSERT INTO `payment` (`id`, `rental_id`, `rent_value`, `competence_month`, `competence_year`, `status`, `created_at`) VALUES ('216', '55', '1712.25', 8, 1983, 'confirmed', '2023-04-02 09:31:47');
INSERT INTO `payment` (`id`, `rental_id`, `rent_value`, `competence_month`, `competence_year`, `status`, `created_at`) VALUES ('217', '65', '6794.47', 4, 1988, 'confirmed', '2023-03-01 04:36:31');
INSERT INTO `payment` (`id`, `rental_id`, `rent_value`, `competence_month`, `competence_year`, `status`, `created_at`) VALUES ('218', '48', '7807.17', 5, 1977, 'rejected', '2023-01-11 14:21:28');
INSERT INTO `payment` (`id`, `rental_id`, `rent_value`, `competence_month`, `competence_year`, `status`, `created_at`) VALUES ('219', '20', '9141.95', 1, 2005, 'confirmed', '2023-02-12 18:06:39');
INSERT INTO `payment` (`id`, `rental_id`, `rent_value`, `competence_month`, `competence_year`, `status`, `created_at`) VALUES ('220', '84', '4724.41', 3, 2000, 'rejected', '2023-03-31 13:44:32');
INSERT INTO `payment` (`id`, `rental_id`, `rent_value`, `competence_month`, `competence_year`, `status`, `created_at`) VALUES ('221', '10', '9685.64', 4, 1999, 'allegedly_paid', '2023-09-17 03:11:42');
INSERT INTO `payment` (`id`, `rental_id`, `rent_value`, `competence_month`, `competence_year`, `status`, `created_at`) VALUES ('222', '33', '8843.24', 1, 2016, 'confirmed', '2023-10-30 21:59:14');
INSERT INTO `payment` (`id`, `rental_id`, `rent_value`, `competence_month`, `competence_year`, `status`, `created_at`) VALUES ('223', '21', '7023.89', 9, 1992, 'allegedly_paid', '2023-01-16 18:59:11');
INSERT INTO `payment` (`id`, `rental_id`, `rent_value`, `competence_month`, `competence_year`, `status`, `created_at`) VALUES ('224', '56', '2676.42', 6, 2008, 'allegedly_paid', '2023-03-06 09:19:04');
INSERT INTO `payment` (`id`, `rental_id`, `rent_value`, `competence_month`, `competence_year`, `status`, `created_at`) VALUES ('225', '64', '8084.66', 2, 1979, 'rejected', '2023-09-21 10:11:19');
INSERT INTO `payment` (`id`, `rental_id`, `rent_value`, `competence_month`, `competence_year`, `status`, `created_at`) VALUES ('226', '3', '4935.18', 6, 1989, 'rejected', '2023-03-19 14:48:55');
INSERT INTO `payment` (`id`, `rental_id`, `rent_value`, `competence_month`, `competence_year`, `status`, `created_at`) VALUES ('227', '32', '4154.82', 11, 1989, 'confirmed', '2023-05-03 00:17:29');
INSERT INTO `payment` (`id`, `rental_id`, `rent_value`, `competence_month`, `competence_year`, `status`, `created_at`) VALUES ('228', '56', '8111.72', 11, 1979, 'allegedly_paid', '2023-02-20 19:01:16');
INSERT INTO `payment` (`id`, `rental_id`, `rent_value`, `competence_month`, `competence_year`, `status`, `created_at`) VALUES ('229', '7', '6816.49', 1, 1998, 'confirmed', '2023-01-21 20:30:24');
INSERT INTO `payment` (`id`, `rental_id`, `rent_value`, `competence_month`, `competence_year`, `status`, `created_at`) VALUES ('230', '67', '9080.85', 11, 1970, 'rejected', '2023-10-18 15:08:27');
INSERT INTO `payment` (`id`, `rental_id`, `rent_value`, `competence_month`, `competence_year`, `status`, `created_at`) VALUES ('231', '35', '898.98', 1, 2000, 'rejected', '2023-07-11 21:39:25');
INSERT INTO `payment` (`id`, `rental_id`, `rent_value`, `competence_month`, `competence_year`, `status`, `created_at`) VALUES ('232', '61', '2494.02', 8, 1996, 'confirmed', '2023-05-20 03:28:56');
INSERT INTO `payment` (`id`, `rental_id`, `rent_value`, `competence_month`, `competence_year`, `status`, `created_at`) VALUES ('233', '28', '2901.12', 10, 1971, 'rejected', '2023-06-10 06:05:57');
INSERT INTO `payment` (`id`, `rental_id`, `rent_value`, `competence_month`, `competence_year`, `status`, `created_at`) VALUES ('234', '44', '2953.70', 6, 2007, 'rejected', '2023-06-18 03:14:18');
INSERT INTO `payment` (`id`, `rental_id`, `rent_value`, `competence_month`, `competence_year`, `status`, `created_at`) VALUES ('235', '7', '1612.68', 6, 1998, 'allegedly_paid', '2023-08-17 14:22:54');
INSERT INTO `payment` (`id`, `rental_id`, `rent_value`, `competence_month`, `competence_year`, `status`, `created_at`) VALUES ('236', '92', '7531.35', 12, 2004, 'confirmed', '2023-07-21 22:27:09');
INSERT INTO `payment` (`id`, `rental_id`, `rent_value`, `competence_month`, `competence_year`, `status`, `created_at`) VALUES ('237', '5', '8619.57', 11, 1996, 'allegedly_paid', '2023-10-22 03:33:47');
INSERT INTO `payment` (`id`, `rental_id`, `rent_value`, `competence_month`, `competence_year`, `status`, `created_at`) VALUES ('238', '67', '3543.50', 4, 2015, 'rejected', '2023-09-24 21:09:15');
INSERT INTO `payment` (`id`, `rental_id`, `rent_value`, `competence_month`, `competence_year`, `status`, `created_at`) VALUES ('239', '42', '1074.81', 1, 1971, 'allegedly_paid', '2022-11-20 17:30:22');
INSERT INTO `payment` (`id`, `rental_id`, `rent_value`, `competence_month`, `competence_year`, `status`, `created_at`) VALUES ('240', '68', '8929.71', 11, 1993, 'allegedly_paid', '2023-02-06 21:37:04');
INSERT INTO `payment` (`id`, `rental_id`, `rent_value`, `competence_month`, `competence_year`, `status`, `created_at`) VALUES ('241', '63', '9007.21', 4, 1976, 'rejected', '2023-05-05 10:19:43');
INSERT INTO `payment` (`id`, `rental_id`, `rent_value`, `competence_month`, `competence_year`, `status`, `created_at`) VALUES ('242', '41', '3256.02', 6, 2009, 'rejected', '2023-04-16 21:51:59');
INSERT INTO `payment` (`id`, `rental_id`, `rent_value`, `competence_month`, `competence_year`, `status`, `created_at`) VALUES ('243', '28', '6398.04', 7, 1980, 'rejected', '2023-09-01 03:09:54');
INSERT INTO `payment` (`id`, `rental_id`, `rent_value`, `competence_month`, `competence_year`, `status`, `created_at`) VALUES ('244', '33', '5373.40', 2, 1982, 'rejected', '2023-11-10 20:58:39');
INSERT INTO `payment` (`id`, `rental_id`, `rent_value`, `competence_month`, `competence_year`, `status`, `created_at`) VALUES ('245', '40', '2479.05', 11, 1972, 'allegedly_paid', '2023-03-19 18:11:42');
INSERT INTO `payment` (`id`, `rental_id`, `rent_value`, `competence_month`, `competence_year`, `status`, `created_at`) VALUES ('246', '50', '1242.40', 7, 1997, 'allegedly_paid', '2023-02-18 22:35:23');
INSERT INTO `payment` (`id`, `rental_id`, `rent_value`, `competence_month`, `competence_year`, `status`, `created_at`) VALUES ('247', '51', '9114.41', 6, 1986, 'allegedly_paid', '2023-06-01 13:52:30');
INSERT INTO `payment` (`id`, `rental_id`, `rent_value`, `competence_month`, `competence_year`, `status`, `created_at`) VALUES ('248', '2', '4049.54', 5, 1986, 'rejected', '2023-09-15 07:07:13');
INSERT INTO `payment` (`id`, `rental_id`, `rent_value`, `competence_month`, `competence_year`, `status`, `created_at`) VALUES ('249', '4', '9830.59', 2, 1972, 'rejected', '2023-04-27 13:43:30');
INSERT INTO `payment` (`id`, `rental_id`, `rent_value`, `competence_month`, `competence_year`, `status`, `created_at`) VALUES ('250', '22', '2597.08', 12, 2022, 'confirmed', '2023-08-21 03:03:17');
INSERT INTO `payment` (`id`, `rental_id`, `rent_value`, `competence_month`, `competence_year`, `status`, `created_at`) VALUES ('251', '73', '3664.18', 7, 1987, 'rejected', '2023-02-13 03:02:19');
INSERT INTO `payment` (`id`, `rental_id`, `rent_value`, `competence_month`, `competence_year`, `status`, `created_at`) VALUES ('252', '80', '8037.89', 1, 2012, 'rejected', '2023-10-24 06:24:44');
INSERT INTO `payment` (`id`, `rental_id`, `rent_value`, `competence_month`, `competence_year`, `status`, `created_at`) VALUES ('253', '2', '8384.16', 9, 2016, 'allegedly_paid', '2022-12-29 20:11:00');
INSERT INTO `payment` (`id`, `rental_id`, `rent_value`, `competence_month`, `competence_year`, `status`, `created_at`) VALUES ('254', '1', '1466.67', 11, 1990, 'allegedly_paid', '2023-02-22 22:26:19');
INSERT INTO `payment` (`id`, `rental_id`, `rent_value`, `competence_month`, `competence_year`, `status`, `created_at`) VALUES ('255', '15', '6878.53', 3, 2016, 'confirmed', '2023-10-16 22:02:03');
INSERT INTO `payment` (`id`, `rental_id`, `rent_value`, `competence_month`, `competence_year`, `status`, `created_at`) VALUES ('256', '45', '4707.19', 10, 2013, 'confirmed', '2023-06-21 18:22:07');
INSERT INTO `payment` (`id`, `rental_id`, `rent_value`, `competence_month`, `competence_year`, `status`, `created_at`) VALUES ('257', '2', '8959.39', 9, 2022, 'rejected', '2023-03-13 09:14:53');
INSERT INTO `payment` (`id`, `rental_id`, `rent_value`, `competence_month`, `competence_year`, `status`, `created_at`) VALUES ('258', '25', '2368.02', 11, 1997, 'rejected', '2023-07-03 11:59:45');
INSERT INTO `payment` (`id`, `rental_id`, `rent_value`, `competence_month`, `competence_year`, `status`, `created_at`) VALUES ('259', '61', '5790.15', 12, 1998, 'rejected', '2023-06-29 03:52:30');
INSERT INTO `payment` (`id`, `rental_id`, `rent_value`, `competence_month`, `competence_year`, `status`, `created_at`) VALUES ('260', '64', '7396.09', 8, 2008, 'confirmed', '2023-01-15 09:36:38');
INSERT INTO `payment` (`id`, `rental_id`, `rent_value`, `competence_month`, `competence_year`, `status`, `created_at`) VALUES ('261', '70', '4413.75', 6, 1992, 'confirmed', '2022-12-23 22:53:07');
INSERT INTO `payment` (`id`, `rental_id`, `rent_value`, `competence_month`, `competence_year`, `status`, `created_at`) VALUES ('262', '26', '7476.12', 1, 1972, 'rejected', '2023-06-18 02:43:28');
INSERT INTO `payment` (`id`, `rental_id`, `rent_value`, `competence_month`, `competence_year`, `status`, `created_at`) VALUES ('263', '58', '6604.04', 4, 1970, 'rejected', '2023-03-20 04:55:52');
INSERT INTO `payment` (`id`, `rental_id`, `rent_value`, `competence_month`, `competence_year`, `status`, `created_at`) VALUES ('264', '25', '4969.72', 1, 2007, 'confirmed', '2023-07-10 03:28:10');
INSERT INTO `payment` (`id`, `rental_id`, `rent_value`, `competence_month`, `competence_year`, `status`, `created_at`) VALUES ('265', '86', '8790.87', 4, 1974, 'allegedly_paid', '2022-12-06 19:09:18');
INSERT INTO `payment` (`id`, `rental_id`, `rent_value`, `competence_month`, `competence_year`, `status`, `created_at`) VALUES ('266', '75', '3800.45', 11, 2021, 'allegedly_paid', '2022-12-17 21:30:52');
INSERT INTO `payment` (`id`, `rental_id`, `rent_value`, `competence_month`, `competence_year`, `status`, `created_at`) VALUES ('267', '68', '2918.25', 4, 1988, 'rejected', '2023-10-18 16:45:36');
INSERT INTO `payment` (`id`, `rental_id`, `rent_value`, `competence_month`, `competence_year`, `status`, `created_at`) VALUES ('268', '14', '7876.02', 4, 2022, 'allegedly_paid', '2023-07-20 09:45:36');
INSERT INTO `payment` (`id`, `rental_id`, `rent_value`, `competence_month`, `competence_year`, `status`, `created_at`) VALUES ('269', '10', '1190.71', 12, 1979, 'rejected', '2023-03-28 19:39:42');
INSERT INTO `payment` (`id`, `rental_id`, `rent_value`, `competence_month`, `competence_year`, `status`, `created_at`) VALUES ('270', '26', '5483.92', 11, 1977, 'rejected', '2023-03-27 20:29:45');
INSERT INTO `payment` (`id`, `rental_id`, `rent_value`, `competence_month`, `competence_year`, `status`, `created_at`) VALUES ('271', '70', '2490.93', 6, 2002, 'confirmed', '2023-08-27 19:13:07');
INSERT INTO `payment` (`id`, `rental_id`, `rent_value`, `competence_month`, `competence_year`, `status`, `created_at`) VALUES ('272', '68', '3150.24', 5, 2015, 'confirmed', '2023-01-02 15:02:09');
INSERT INTO `payment` (`id`, `rental_id`, `rent_value`, `competence_month`, `competence_year`, `status`, `created_at`) VALUES ('273', '90', '6722.38', 10, 2022, 'rejected', '2023-08-01 10:12:11');
INSERT INTO `payment` (`id`, `rental_id`, `rent_value`, `competence_month`, `competence_year`, `status`, `created_at`) VALUES ('274', '95', '2589.69', 8, 2016, 'confirmed', '2023-01-01 14:58:19');
INSERT INTO `payment` (`id`, `rental_id`, `rent_value`, `competence_month`, `competence_year`, `status`, `created_at`) VALUES ('275', '47', '4290.43', 4, 2021, 'rejected', '2023-04-15 10:36:51');
INSERT INTO `payment` (`id`, `rental_id`, `rent_value`, `competence_month`, `competence_year`, `status`, `created_at`) VALUES ('276', '98', '2411.54', 7, 1975, 'rejected', '2023-10-19 17:55:04');
INSERT INTO `payment` (`id`, `rental_id`, `rent_value`, `competence_month`, `competence_year`, `status`, `created_at`) VALUES ('277', '3', '6251.62', 1, 1974, 'rejected', '2023-02-27 08:15:10');
INSERT INTO `payment` (`id`, `rental_id`, `rent_value`, `competence_month`, `competence_year`, `status`, `created_at`) VALUES ('278', '36', '9626.46', 3, 2023, 'allegedly_paid', '2023-04-23 13:20:26');
INSERT INTO `payment` (`id`, `rental_id`, `rent_value`, `competence_month`, `competence_year`, `status`, `created_at`) VALUES ('279', '32', '2604.76', 6, 1992, 'rejected', '2022-12-31 03:59:52');
INSERT INTO `payment` (`id`, `rental_id`, `rent_value`, `competence_month`, `competence_year`, `status`, `created_at`) VALUES ('280', '51', '1892.83', 6, 1983, 'allegedly_paid', '2023-10-22 02:12:10');
INSERT INTO `payment` (`id`, `rental_id`, `rent_value`, `competence_month`, `competence_year`, `status`, `created_at`) VALUES ('281', '60', '9578.47', 11, 2023, 'allegedly_paid', '2023-07-22 04:16:43');
INSERT INTO `payment` (`id`, `rental_id`, `rent_value`, `competence_month`, `competence_year`, `status`, `created_at`) VALUES ('282', '92', '6168.60', 6, 1995, 'confirmed', '2023-01-01 21:48:12');
INSERT INTO `payment` (`id`, `rental_id`, `rent_value`, `competence_month`, `competence_year`, `status`, `created_at`) VALUES ('283', '36', '8294.23', 2, 1973, 'allegedly_paid', '2023-04-24 23:20:08');
INSERT INTO `payment` (`id`, `rental_id`, `rent_value`, `competence_month`, `competence_year`, `status`, `created_at`) VALUES ('284', '68', '8859.41', 6, 1991, 'allegedly_paid', '2022-11-25 03:40:32');
INSERT INTO `payment` (`id`, `rental_id`, `rent_value`, `competence_month`, `competence_year`, `status`, `created_at`) VALUES ('285', '20', '8663.48', 3, 2007, 'rejected', '2022-12-21 11:40:32');
INSERT INTO `payment` (`id`, `rental_id`, `rent_value`, `competence_month`, `competence_year`, `status`, `created_at`) VALUES ('286', '73', '3941.12', 7, 1986, 'rejected', '2023-10-01 06:59:22');
INSERT INTO `payment` (`id`, `rental_id`, `rent_value`, `competence_month`, `competence_year`, `status`, `created_at`) VALUES ('287', '42', '4620.00', 2, 1995, 'rejected', '2023-11-13 03:34:59');
INSERT INTO `payment` (`id`, `rental_id`, `rent_value`, `competence_month`, `competence_year`, `status`, `created_at`) VALUES ('288', '24', '7025.46', 5, 2003, 'confirmed', '2023-10-26 11:40:01');
INSERT INTO `payment` (`id`, `rental_id`, `rent_value`, `competence_month`, `competence_year`, `status`, `created_at`) VALUES ('289', '35', '8429.54', 5, 2005, 'rejected', '2023-08-24 00:25:38');
INSERT INTO `payment` (`id`, `rental_id`, `rent_value`, `competence_month`, `competence_year`, `status`, `created_at`) VALUES ('290', '69', '4976.50', 4, 1999, 'allegedly_paid', '2023-06-19 15:54:38');
INSERT INTO `payment` (`id`, `rental_id`, `rent_value`, `competence_month`, `competence_year`, `status`, `created_at`) VALUES ('291', '80', '6979.24', 12, 1979, 'confirmed', '2023-04-21 09:23:56');
INSERT INTO `payment` (`id`, `rental_id`, `rent_value`, `competence_month`, `competence_year`, `status`, `created_at`) VALUES ('292', '44', '1047.06', 7, 2005, 'allegedly_paid', '2023-07-27 13:44:00');
INSERT INTO `payment` (`id`, `rental_id`, `rent_value`, `competence_month`, `competence_year`, `status`, `created_at`) VALUES ('293', '90', '4600.42', 5, 1996, 'allegedly_paid', '2023-07-01 22:34:23');
INSERT INTO `payment` (`id`, `rental_id`, `rent_value`, `competence_month`, `competence_year`, `status`, `created_at`) VALUES ('294', '94', '9008.62', 12, 1994, 'allegedly_paid', '2023-06-28 03:33:33');
INSERT INTO `payment` (`id`, `rental_id`, `rent_value`, `competence_month`, `competence_year`, `status`, `created_at`) VALUES ('295', '8', '3893.14', 4, 2014, 'confirmed', '2023-07-24 08:57:54');
INSERT INTO `payment` (`id`, `rental_id`, `rent_value`, `competence_month`, `competence_year`, `status`, `created_at`) VALUES ('296', '30', '4729.89', 11, 1993, 'confirmed', '2023-03-25 08:27:52');
INSERT INTO `payment` (`id`, `rental_id`, `rent_value`, `competence_month`, `competence_year`, `status`, `created_at`) VALUES ('297', '89', '9950.73', 8, 2014, 'rejected', '2023-07-17 01:55:10');
INSERT INTO `payment` (`id`, `rental_id`, `rent_value`, `competence_month`, `competence_year`, `status`, `created_at`) VALUES ('298', '83', '7481.51', 7, 1992, 'rejected', '2023-03-06 07:29:25');
INSERT INTO `payment` (`id`, `rental_id`, `rent_value`, `competence_month`, `competence_year`, `status`, `created_at`) VALUES ('299', '9', '956.57', 9, 2004, 'confirmed', '2023-10-22 01:27:14');
INSERT INTO `payment` (`id`, `rental_id`, `rent_value`, `competence_month`, `competence_year`, `status`, `created_at`) VALUES ('300', '65', '7076.05', 10, 2004, 'rejected', '2023-10-27 22:31:09');

INSERT INTO `termination` (`id`, `rental_id`, `initiated_by_owner`, `message`, `created_at`) VALUES ('1', '1', 1, 'Omnis in nihil vel.', '2023-08-13 21:09:42');
INSERT INTO `termination` (`id`, `rental_id`, `initiated_by_owner`, `message`, `created_at`) VALUES ('2', '2', 0, 'Nihil sit eligendi minima rerum est ab.', '2023-05-31 02:47:16');
INSERT INTO `termination` (`id`, `rental_id`, `initiated_by_owner`, `message`, `created_at`) VALUES ('3', '3', 1, 'Odio id et commodi nulla.', '2023-03-11 14:52:26');
INSERT INTO `termination` (`id`, `rental_id`, `initiated_by_owner`, `message`, `created_at`) VALUES ('4', '4', 0, 'Deleniti ipsum praesentium qui dolor soluta.', '2023-03-07 21:50:48');
INSERT INTO `termination` (`id`, `rental_id`, `initiated_by_owner`, `message`, `created_at`) VALUES ('5', '5', 0, 'Ut sint totam labore quisquam accusamus eos.', '2023-03-27 16:45:09');
INSERT INTO `termination` (`id`, `rental_id`, `initiated_by_owner`, `message`, `created_at`) VALUES ('6', '6', 1, 'Rerum voluptate sint est in.', '2023-04-15 09:52:21');
INSERT INTO `termination` (`id`, `rental_id`, `initiated_by_owner`, `message`, `created_at`) VALUES ('7', '7', 0, 'Corrupti suscipit qui aut corporis cum possimus officiis.', '2023-07-19 23:54:47');
INSERT INTO `termination` (`id`, `rental_id`, `initiated_by_owner`, `message`, `created_at`) VALUES ('8', '8', 0, 'Ut et id deleniti labore et.', '2023-06-30 00:49:10');
INSERT INTO `termination` (`id`, `rental_id`, `initiated_by_owner`, `message`, `created_at`) VALUES ('9', '9', 1, 'Cupiditate quae libero quasi reiciendis autem maiores nobis.', '2023-10-07 01:31:28');
INSERT INTO `termination` (`id`, `rental_id`, `initiated_by_owner`, `message`, `created_at`) VALUES ('10', '10', 1, 'Aut rem est necessitatibus.', '2023-05-17 06:58:51');
INSERT INTO `termination` (`id`, `rental_id`, `initiated_by_owner`, `message`, `created_at`) VALUES ('11', '11', 1, 'Minima qui non autem numquam maiores et quos incidunt.', '2023-03-27 10:48:34');
INSERT INTO `termination` (`id`, `rental_id`, `initiated_by_owner`, `message`, `created_at`) VALUES ('12', '12', 1, 'Commodi nam consectetur aut consectetur.', '2023-04-01 11:50:03');
INSERT INTO `termination` (`id`, `rental_id`, `initiated_by_owner`, `message`, `created_at`) VALUES ('13', '13', 0, 'Sapiente voluptas temporibus unde occaecati est soluta.', '2023-06-11 01:52:11');
INSERT INTO `termination` (`id`, `rental_id`, `initiated_by_owner`, `message`, `created_at`) VALUES ('14', '14', 1, 'Sed consequatur blanditiis id.', '2023-04-07 15:04:27');
INSERT INTO `termination` (`id`, `rental_id`, `initiated_by_owner`, `message`, `created_at`) VALUES ('15', '15', 1, 'Sequi aut sunt voluptatem qui.', '2023-11-14 07:23:18');
INSERT INTO `termination` (`id`, `rental_id`, `initiated_by_owner`, `message`, `created_at`) VALUES ('16', '16', 1, 'Autem velit qui quibusdam repudiandae dolor aut.', '2023-02-24 05:46:48');
INSERT INTO `termination` (`id`, `rental_id`, `initiated_by_owner`, `message`, `created_at`) VALUES ('17', '17', 0, 'Perferendis at exercitationem consequatur saepe qui minima sed omnis.', '2023-09-11 09:47:24');
INSERT INTO `termination` (`id`, `rental_id`, `initiated_by_owner`, `message`, `created_at`) VALUES ('18', '18', 1, 'Quasi quia doloremque voluptatem ea.', '2023-01-20 08:20:24');
INSERT INTO `termination` (`id`, `rental_id`, `initiated_by_owner`, `message`, `created_at`) VALUES ('19', '19', 1, 'Laudantium architecto voluptatum rerum non.', '2023-07-30 07:52:12');
INSERT INTO `termination` (`id`, `rental_id`, `initiated_by_owner`, `message`, `created_at`) VALUES ('20', '20', 0, 'At repellat debitis minima explicabo voluptatibus quo.', '2023-01-26 04:02:52');
INSERT INTO `termination` (`id`, `rental_id`, `initiated_by_owner`, `message`, `created_at`) VALUES ('21', '21', 1, 'Eius tempore quisquam omnis.', '2023-05-12 11:55:55');
INSERT INTO `termination` (`id`, `rental_id`, `initiated_by_owner`, `message`, `created_at`) VALUES ('22', '22', 0, 'Ut beatae dolor est perferendis error omnis.', '2022-11-30 11:54:19');
INSERT INTO `termination` (`id`, `rental_id`, `initiated_by_owner`, `message`, `created_at`) VALUES ('23', '23', 1, 'Et dignissimos placeat et dolorem consectetur.', '2022-12-30 02:34:45');
INSERT INTO `termination` (`id`, `rental_id`, `initiated_by_owner`, `message`, `created_at`) VALUES ('24', '24', 0, 'Dolore quibusdam eveniet voluptas quo.', '2023-06-07 14:10:16');
INSERT INTO `termination` (`id`, `rental_id`, `initiated_by_owner`, `message`, `created_at`) VALUES ('25', '25', 0, 'Numquam blanditiis rem pariatur possimus neque qui.', '2023-02-24 02:11:26');
INSERT INTO `termination` (`id`, `rental_id`, `initiated_by_owner`, `message`, `created_at`) VALUES ('26', '26', 1, 'Neque quae tenetur dolor mollitia dolor qui.', '2023-08-06 14:18:11');
INSERT INTO `termination` (`id`, `rental_id`, `initiated_by_owner`, `message`, `created_at`) VALUES ('27', '27', 1, 'Voluptatem voluptatem nulla similique pariatur rerum.', '2023-01-01 21:47:52');
INSERT INTO `termination` (`id`, `rental_id`, `initiated_by_owner`, `message`, `created_at`) VALUES ('28', '28', 0, 'Voluptatum illo sequi quia.', '2023-07-20 03:10:39');
INSERT INTO `termination` (`id`, `rental_id`, `initiated_by_owner`, `message`, `created_at`) VALUES ('29', '29', 1, 'Aut fugit voluptas aut qui nobis voluptatibus sit.', '2023-08-31 18:23:44');
INSERT INTO `termination` (`id`, `rental_id`, `initiated_by_owner`, `message`, `created_at`) VALUES ('30', '30', 1, 'Impedit occaecati natus voluptates tempora aut ab voluptate optio.', '2023-03-26 14:56:52');